-- phpMyAdmin SQL Dump
-- version 5.2.1
-- https://www.phpmyadmin.net/
--
-- Host: 127.0.0.1
-- Generation Time: Oct 17, 2025 at 04:02 PM
-- Server version: 10.4.32-MariaDB
-- PHP Version: 8.0.30

SET SQL_MODE = "NO_AUTO_VALUE_ON_ZERO";
START TRANSACTION;
SET time_zone = "+00:00";


/*!40101 SET @OLD_CHARACTER_SET_CLIENT=@@CHARACTER_SET_CLIENT */;
/*!40101 SET @OLD_CHARACTER_SET_RESULTS=@@CHARACTER_SET_RESULTS */;
/*!40101 SET @OLD_COLLATION_CONNECTION=@@COLLATION_CONNECTION */;
/*!40101 SET NAMES utf8mb4 */;

--
-- Database: `iot_equipment_system`
--

-- --------------------------------------------------------

--
-- Stand-in structure for view `active_borrowing`
-- (See below for the actual view)
--
CREATE TABLE `active_borrowing` (
`id` int(11)
,`user_id` int(11)
,`student_id` varchar(12)
,`fullname` varchar(100)
,`email` varchar(50)
,`equipment_id` int(11)
,`equipment_name` varchar(100)
,`borrow_date` datetime
,`due_date` datetime
,`status` enum('borrowed','returned','overdue','lost')
,`current_status` varchar(8)
);

-- --------------------------------------------------------

--
-- Table structure for table `borrowing`
--

CREATE TABLE `borrowing` (
  `id` int(11) NOT NULL,
  `user_id` int(11) NOT NULL COMMENT 'ID ผู้ใช้',
  `equipment_id` int(11) NOT NULL COMMENT 'ID อุปกรณ์',
  `borrow_date` datetime NOT NULL COMMENT 'วันที่ยืม',
  `return_date` datetime DEFAULT NULL COMMENT 'วันที่คืน',
  `due_date` datetime NOT NULL COMMENT 'วันที่ครบกำหนดคืน',
  `status` enum('borrowed','returned','overdue','lost') DEFAULT 'borrowed' COMMENT 'สถานะการยืม',
  `notes` text DEFAULT NULL COMMENT 'หมายเหตุ',
  `created_at` timestamp NOT NULL DEFAULT current_timestamp(),
  `updated_at` timestamp NOT NULL DEFAULT current_timestamp() ON UPDATE current_timestamp()
) ENGINE=InnoDB DEFAULT CHARSET=utf8mb4 COLLATE=utf8mb4_unicode_ci COMMENT='ตารางการยืม-คืน';

--
-- Dumping data for table `borrowing`
--

INSERT INTO `borrowing` (`id`, `user_id`, `equipment_id`, `borrow_date`, `return_date`, `due_date`, `status`, `notes`, `created_at`, `updated_at`) VALUES
(1, 3, 2, '2025-10-05 00:00:00', '2025-10-12 17:00:55', '2025-10-06 00:00:00', 'returned', 'อนุมัติโดย: ทดสอบ', '2025-10-05 06:38:02', '2025-10-12 10:00:55'),
(2, 3, 3, '2025-10-05 00:00:00', '2025-10-12 17:00:55', '2025-10-06 00:00:00', 'returned', 'อนุมัติโดย: ทดสอบ', '2025-10-05 06:38:02', '2025-10-12 10:00:55'),
(3, 3, 4, '2025-10-05 00:00:00', '2025-10-12 17:00:55', '2025-10-06 00:00:00', 'returned', 'อนุมัติโดย: ทดสอบ', '2025-10-05 06:38:02', '2025-10-12 10:00:55'),
(4, 2, 1, '2025-10-06 00:00:00', '2025-10-12 17:00:10', '2025-10-07 00:00:00', 'returned', 'อนุมัติโดย: นาย ธนกรณ์ อ่อนกลั่น', '2025-10-06 15:39:31', '2025-10-12 10:00:10'),
(5, 2, 2, '2025-10-06 00:00:00', '2025-10-12 17:00:10', '2025-10-07 00:00:00', 'returned', 'อนุมัติโดย: นาย ธนกรณ์ อ่อนกลั่น', '2025-10-06 15:39:31', '2025-10-12 10:00:10'),
(6, 2, 3, '2025-10-06 00:00:00', '2025-10-12 17:00:10', '2025-10-07 00:00:00', 'returned', 'อนุมัติโดย: นาย ธนกรณ์ อ่อนกลั่น', '2025-10-06 15:39:31', '2025-10-12 10:00:10'),
(7, 2, 4, '2025-10-06 00:00:00', '2025-10-12 17:00:10', '2025-10-07 00:00:00', 'returned', 'อนุมัติโดย: นาย ธนกรณ์ อ่อนกลั่น', '2025-10-06 15:39:31', '2025-10-12 10:00:10'),
(8, 2, 5, '2025-10-06 00:00:00', '2025-10-12 17:00:10', '2025-10-07 00:00:00', 'returned', 'อนุมัติโดย: นาย ธนกรณ์ อ่อนกลั่น', '2025-10-06 15:39:31', '2025-10-12 10:00:10'),
(9, 2, 10, '2025-10-06 00:00:00', '2025-10-12 17:00:10', '2025-10-07 00:00:00', 'returned', 'อนุมัติโดย: นาย ธนกรณ์ อ่อนกลั่น', '2025-10-06 15:39:31', '2025-10-12 10:00:10'),
(10, 2, 7, '2025-10-06 00:00:00', '2025-10-12 17:00:10', '2025-10-07 00:00:00', 'returned', 'อนุมัติโดย: นาย ธนกรณ์ อ่อนกลั่น', '2025-10-06 15:39:31', '2025-10-12 10:00:10'),
(11, 2, 6, '2025-10-06 00:00:00', '2025-10-12 17:00:10', '2025-10-07 00:00:00', 'returned', 'อนุมัติโดย: นาย ธนกรณ์ อ่อนกลั่น', '2025-10-06 15:39:31', '2025-10-12 10:00:10'),
(12, 2, 11, '2025-10-06 00:00:00', '2025-10-12 17:00:10', '2025-10-07 00:00:00', 'returned', 'อนุมัติโดย: นาย ธนกรณ์ อ่อนกลั่น', '2025-10-06 15:39:31', '2025-10-12 10:00:10'),
(13, 2, 12, '2025-10-06 00:00:00', '2025-10-12 17:00:10', '2025-10-07 00:00:00', 'returned', 'อนุมัติโดย: นาย ธนกรณ์ อ่อนกลั่น', '2025-10-06 15:39:31', '2025-10-12 10:00:10'),
(14, 2, 14, '2025-10-06 00:00:00', '2025-10-12 17:00:10', '2025-10-07 00:00:00', 'returned', 'อนุมัติโดย: นาย ธนกรณ์ อ่อนกลั่น', '2025-10-06 15:39:31', '2025-10-12 10:00:10'),
(15, 2, 15, '2025-10-06 00:00:00', '2025-10-12 17:00:10', '2025-10-07 00:00:00', 'returned', 'อนุมัติโดย: นาย ธนกรณ์ อ่อนกลั่น', '2025-10-06 15:39:31', '2025-10-12 10:00:10'),
(16, 2, 16, '2025-10-06 00:00:00', '2025-10-12 17:00:10', '2025-10-07 00:00:00', 'returned', 'อนุมัติโดย: นาย ธนกรณ์ อ่อนกลั่น', '2025-10-06 15:39:31', '2025-10-12 10:00:10'),
(17, 2, 1, '2025-10-06 00:00:00', '2025-10-12 17:00:10', '2025-10-09 00:00:00', 'returned', 'อนุมัติโดย: นาย ธนกรณ์ อ่อนกลั่น', '2025-10-06 15:40:01', '2025-10-12 10:00:10'),
(18, 2, 2, '2025-10-06 00:00:00', '2025-10-12 17:00:10', '2025-10-09 00:00:00', 'returned', 'อนุมัติโดย: นาย ธนกรณ์ อ่อนกลั่น', '2025-10-06 15:40:01', '2025-10-12 10:00:10'),
(19, 2, 3, '2025-10-06 00:00:00', '2025-10-12 17:00:10', '2025-10-09 00:00:00', 'returned', 'อนุมัติโดย: นาย ธนกรณ์ อ่อนกลั่น', '2025-10-06 15:40:01', '2025-10-12 10:00:10'),
(20, 2, 4, '2025-10-06 00:00:00', '2025-10-12 17:00:10', '2025-10-09 00:00:00', 'returned', 'อนุมัติโดย: นาย ธนกรณ์ อ่อนกลั่น', '2025-10-06 15:40:01', '2025-10-12 10:00:10'),
(21, 2, 1, '2025-10-06 00:00:00', '2025-10-12 17:00:10', '2025-10-08 00:00:00', 'returned', 'อนุมัติโดย: นาย ธนกรณ์ อ่อนกลั่น', '2025-10-06 15:43:22', '2025-10-12 10:00:10'),
(22, 2, 1, '2025-10-06 00:00:00', '2025-10-12 17:00:10', '2025-10-08 00:00:00', 'returned', 'อนุมัติโดย: นาย ธนกรณ์ อ่อนกลั่น', '2025-10-06 15:43:22', '2025-10-12 10:00:10'),
(23, 2, 1, '2025-10-06 00:00:00', '2025-10-12 17:00:10', '2025-10-08 00:00:00', 'returned', 'อนุมัติโดย: นาย ธนกรณ์ อ่อนกลั่น', '2025-10-06 15:43:22', '2025-10-12 10:00:10'),
(24, 2, 1, '2025-10-06 00:00:00', '2025-10-12 17:00:10', '2025-10-08 00:00:00', 'returned', 'อนุมัติโดย: นาย ธนกรณ์ อ่อนกลั่น', '2025-10-06 15:43:22', '2025-10-12 10:00:10'),
(25, 2, 1, '2025-10-06 00:00:00', '2025-10-12 17:00:10', '2025-10-08 00:00:00', 'returned', 'อนุมัติโดย: นาย ธนกรณ์ อ่อนกลั่น', '2025-10-06 15:43:22', '2025-10-12 10:00:10'),
(26, 2, 1, '2025-10-06 00:00:00', '2025-10-12 17:00:10', '2025-10-08 00:00:00', 'returned', 'อนุมัติโดย: นาย ธนกรณ์ อ่อนกลั่น', '2025-10-06 15:43:22', '2025-10-12 10:00:10'),
(27, 2, 1, '2025-10-06 00:00:00', '2025-10-12 17:00:10', '2025-10-08 00:00:00', 'returned', 'อนุมัติโดย: นาย ธนกรณ์ อ่อนกลั่น', '2025-10-06 15:43:22', '2025-10-12 10:00:10'),
(28, 2, 1, '2025-10-06 00:00:00', '2025-10-12 17:00:10', '2025-10-08 00:00:00', 'returned', 'อนุมัติโดย: นาย ธนกรณ์ อ่อนกลั่น', '2025-10-06 15:43:22', '2025-10-12 10:00:10'),
(29, 2, 1, '2025-10-12 00:00:00', '2025-10-12 17:00:10', '2025-10-16 00:00:00', 'returned', 'อนุมัติโดย: นาย ธนกรณ์ อ่อนกลั่น', '2025-10-12 09:56:49', '2025-10-12 10:00:10'),
(30, 2, 1, '2025-10-12 00:00:00', '2025-10-12 17:00:10', '2025-10-16 00:00:00', 'returned', 'อนุมัติโดย: นาย ธนกรณ์ อ่อนกลั่น', '2025-10-12 09:56:49', '2025-10-12 10:00:10'),
(31, 2, 1, '2025-10-06 00:00:00', '2025-10-12 17:00:58', '2025-10-08 00:00:00', 'returned', 'อนุมัติโดย: นาย ธนกรณ์ อ่อนกลั่น', '2025-10-12 10:00:36', '2025-10-12 10:00:58'),
(32, 2, 2, '2025-10-06 00:00:00', '2025-10-12 17:00:58', '2025-10-08 00:00:00', 'returned', 'อนุมัติโดย: นาย ธนกรณ์ อ่อนกลั่น', '2025-10-12 10:00:36', '2025-10-12 10:00:58'),
(33, 2, 5, '2025-10-06 00:00:00', '2025-10-12 17:00:58', '2025-10-08 00:00:00', 'returned', 'อนุมัติโดย: นาย ธนกรณ์ อ่อนกลั่น', '2025-10-12 10:00:36', '2025-10-12 10:00:58'),
(34, 2, 16, '2025-10-12 00:00:00', '2025-10-12 18:53:51', '2025-10-14 00:00:00', 'returned', 'อนุมัติโดย: นาย ธนกรณ์ อ่อนกลั่น', '2025-10-12 10:03:34', '2025-10-12 11:53:51'),
(35, 2, 16, '2025-10-12 00:00:00', '2025-10-12 18:53:51', '2025-10-14 00:00:00', 'returned', 'อนุมัติโดย: นาย ธนกรณ์ อ่อนกลั่น', '2025-10-12 10:03:34', '2025-10-12 11:53:51'),
(36, 2, 16, '2025-10-12 00:00:00', '2025-10-12 18:53:51', '2025-10-14 00:00:00', 'returned', 'อนุมัติโดย: นาย ธนกรณ์ อ่อนกลั่น', '2025-10-12 10:03:34', '2025-10-12 11:53:51'),
(37, 2, 16, '2025-10-12 00:00:00', '2025-10-12 18:53:51', '2025-10-14 00:00:00', 'returned', 'อนุมัติโดย: นาย ธนกรณ์ อ่อนกลั่น', '2025-10-12 10:03:34', '2025-10-12 11:53:51'),
(38, 2, 16, '2025-10-12 00:00:00', '2025-10-12 18:53:51', '2025-10-14 00:00:00', 'returned', 'อนุมัติโดย: นาย ธนกรณ์ อ่อนกลั่น', '2025-10-12 10:03:34', '2025-10-12 11:53:51'),
(39, 2, 16, '2025-10-12 00:00:00', '2025-10-12 18:53:51', '2025-10-14 00:00:00', 'returned', 'อนุมัติโดย: นาย ธนกรณ์ อ่อนกลั่น', '2025-10-12 10:03:34', '2025-10-12 11:53:51'),
(40, 2, 16, '2025-10-12 00:00:00', '2025-10-12 18:53:51', '2025-10-14 00:00:00', 'returned', 'อนุมัติโดย: นาย ธนกรณ์ อ่อนกลั่น', '2025-10-12 10:03:34', '2025-10-12 11:53:51'),
(41, 2, 16, '2025-10-12 00:00:00', '2025-10-12 18:53:51', '2025-10-14 00:00:00', 'returned', 'อนุมัติโดย: นาย ธนกรณ์ อ่อนกลั่น', '2025-10-12 10:03:34', '2025-10-12 11:53:51'),
(42, 2, 16, '2025-10-12 00:00:00', '2025-10-12 18:53:51', '2025-10-14 00:00:00', 'returned', 'อนุมัติโดย: นาย ธนกรณ์ อ่อนกลั่น', '2025-10-12 10:03:34', '2025-10-12 11:53:51'),
(43, 2, 16, '2025-10-12 00:00:00', '2025-10-12 18:53:51', '2025-10-14 00:00:00', 'returned', 'อนุมัติโดย: นาย ธนกรณ์ อ่อนกลั่น', '2025-10-12 10:03:34', '2025-10-12 11:53:51'),
(44, 2, 16, '2025-10-12 00:00:00', '2025-10-12 18:53:51', '2025-10-14 00:00:00', 'returned', 'อนุมัติโดย: นาย ธนกรณ์ อ่อนกลั่น', '2025-10-12 10:03:34', '2025-10-12 11:53:51'),
(45, 2, 16, '2025-10-12 00:00:00', '2025-10-12 18:53:51', '2025-10-14 00:00:00', 'returned', 'อนุมัติโดย: นาย ธนกรณ์ อ่อนกลั่น', '2025-10-12 10:03:34', '2025-10-12 11:53:51'),
(46, 2, 16, '2025-10-12 00:00:00', '2025-10-12 18:53:51', '2025-10-14 00:00:00', 'returned', 'อนุมัติโดย: นาย ธนกรณ์ อ่อนกลั่น', '2025-10-12 10:03:34', '2025-10-12 11:53:51'),
(47, 2, 1, '2025-10-12 00:00:00', '2025-10-12 18:53:51', '2025-10-18 00:00:00', 'returned', 'อนุมัติโดย: นาย ธนกรณ์ อ่อนกลั่น', '2025-10-12 11:46:32', '2025-10-12 11:53:51'),
(48, 2, 1, '2025-10-12 00:00:00', '2025-10-12 18:53:51', '2025-10-18 00:00:00', 'returned', 'อนุมัติโดย: นาย ธนกรณ์ อ่อนกลั่น', '2025-10-12 11:46:32', '2025-10-12 11:53:51'),
(49, 2, 1, '2025-10-12 00:00:00', '2025-10-12 18:53:51', '2025-10-18 00:00:00', 'returned', 'อนุมัติโดย: นาย ธนกรณ์ อ่อนกลั่น', '2025-10-12 11:46:32', '2025-10-12 11:53:51'),
(50, 2, 1, '2025-10-12 00:00:00', '2025-10-12 18:53:51', '2025-10-18 00:00:00', 'returned', 'อนุมัติโดย: นาย ธนกรณ์ อ่อนกลั่น', '2025-10-12 11:46:32', '2025-10-12 11:53:51'),
(51, 2, 1, '2025-10-12 00:00:00', '2025-10-12 18:53:51', '2025-10-18 00:00:00', 'returned', 'อนุมัติโดย: นาย ธนกรณ์ อ่อนกลั่น', '2025-10-12 11:46:32', '2025-10-12 11:53:51'),
(52, 2, 2, '2025-10-12 00:00:00', '2025-10-12 18:53:51', '2025-10-18 00:00:00', 'returned', 'อนุมัติโดย: นาย ธนกรณ์ อ่อนกลั่น', '2025-10-12 11:46:32', '2025-10-12 11:53:51'),
(53, 2, 2, '2025-10-12 00:00:00', '2025-10-12 18:53:51', '2025-10-18 00:00:00', 'returned', 'อนุมัติโดย: นาย ธนกรณ์ อ่อนกลั่น', '2025-10-12 11:46:32', '2025-10-12 11:53:51'),
(54, 2, 2, '2025-10-12 00:00:00', '2025-10-12 18:53:51', '2025-10-18 00:00:00', 'returned', 'อนุมัติโดย: นาย ธนกรณ์ อ่อนกลั่น', '2025-10-12 11:46:32', '2025-10-12 11:53:51'),
(55, 2, 2, '2025-10-12 00:00:00', '2025-10-12 18:53:51', '2025-10-18 00:00:00', 'returned', 'อนุมัติโดย: นาย ธนกรณ์ อ่อนกลั่น', '2025-10-12 11:46:32', '2025-10-12 11:53:51'),
(56, 2, 2, '2025-10-12 00:00:00', '2025-10-12 18:53:51', '2025-10-18 00:00:00', 'returned', 'อนุมัติโดย: นาย ธนกรณ์ อ่อนกลั่น', '2025-10-12 11:46:32', '2025-10-12 11:53:51'),
(57, 2, 3, '2025-10-12 00:00:00', '2025-10-12 18:53:51', '2025-10-18 00:00:00', 'returned', 'อนุมัติโดย: นาย ธนกรณ์ อ่อนกลั่น', '2025-10-12 11:46:32', '2025-10-12 11:53:51'),
(58, 2, 3, '2025-10-12 00:00:00', '2025-10-12 18:53:51', '2025-10-18 00:00:00', 'returned', 'อนุมัติโดย: นาย ธนกรณ์ อ่อนกลั่น', '2025-10-12 11:46:32', '2025-10-12 11:53:51'),
(59, 2, 3, '2025-10-12 00:00:00', '2025-10-12 18:53:51', '2025-10-18 00:00:00', 'returned', 'อนุมัติโดย: นาย ธนกรณ์ อ่อนกลั่น', '2025-10-12 11:46:32', '2025-10-12 11:53:51'),
(60, 2, 3, '2025-10-12 00:00:00', '2025-10-12 18:53:51', '2025-10-18 00:00:00', 'returned', 'อนุมัติโดย: นาย ธนกรณ์ อ่อนกลั่น', '2025-10-12 11:46:32', '2025-10-12 11:53:51'),
(61, 2, 3, '2025-10-12 00:00:00', '2025-10-12 18:53:51', '2025-10-18 00:00:00', 'returned', 'อนุมัติโดย: นาย ธนกรณ์ อ่อนกลั่น', '2025-10-12 11:46:32', '2025-10-12 11:53:51'),
(62, 2, 4, '2025-10-12 00:00:00', '2025-10-12 18:53:51', '2025-10-18 00:00:00', 'returned', 'อนุมัติโดย: นาย ธนกรณ์ อ่อนกลั่น', '2025-10-12 11:46:32', '2025-10-12 11:53:51'),
(63, 2, 4, '2025-10-12 00:00:00', '2025-10-12 18:53:51', '2025-10-18 00:00:00', 'returned', 'อนุมัติโดย: นาย ธนกรณ์ อ่อนกลั่น', '2025-10-12 11:46:32', '2025-10-12 11:53:51'),
(64, 2, 4, '2025-10-12 00:00:00', '2025-10-12 18:53:51', '2025-10-18 00:00:00', 'returned', 'อนุมัติโดย: นาย ธนกรณ์ อ่อนกลั่น', '2025-10-12 11:46:32', '2025-10-12 11:53:51'),
(65, 2, 4, '2025-10-12 00:00:00', '2025-10-12 18:53:51', '2025-10-18 00:00:00', 'returned', 'อนุมัติโดย: นาย ธนกรณ์ อ่อนกลั่น', '2025-10-12 11:46:32', '2025-10-12 11:53:51'),
(66, 2, 4, '2025-10-12 00:00:00', '2025-10-12 18:53:51', '2025-10-18 00:00:00', 'returned', 'อนุมัติโดย: นาย ธนกรณ์ อ่อนกลั่น', '2025-10-12 11:46:32', '2025-10-12 11:53:51'),
(67, 2, 5, '2025-10-12 00:00:00', '2025-10-12 18:53:51', '2025-10-18 00:00:00', 'returned', 'อนุมัติโดย: นาย ธนกรณ์ อ่อนกลั่น', '2025-10-12 11:46:32', '2025-10-12 11:53:51'),
(68, 2, 5, '2025-10-12 00:00:00', '2025-10-12 18:53:51', '2025-10-18 00:00:00', 'returned', 'อนุมัติโดย: นาย ธนกรณ์ อ่อนกลั่น', '2025-10-12 11:46:32', '2025-10-12 11:53:51'),
(69, 2, 5, '2025-10-12 00:00:00', '2025-10-12 18:53:51', '2025-10-18 00:00:00', 'returned', 'อนุมัติโดย: นาย ธนกรณ์ อ่อนกลั่น', '2025-10-12 11:46:32', '2025-10-12 11:53:51'),
(70, 2, 5, '2025-10-12 00:00:00', '2025-10-12 18:53:51', '2025-10-18 00:00:00', 'returned', 'อนุมัติโดย: นาย ธนกรณ์ อ่อนกลั่น', '2025-10-12 11:46:32', '2025-10-12 11:53:51'),
(71, 2, 5, '2025-10-12 00:00:00', '2025-10-12 18:53:51', '2025-10-18 00:00:00', 'returned', 'อนุมัติโดย: นาย ธนกรณ์ อ่อนกลั่น', '2025-10-12 11:46:32', '2025-10-12 11:53:51'),
(72, 2, 1, '2025-10-16 00:00:00', '2025-10-16 20:44:16', '2025-10-17 00:00:00', 'returned', 'อนุมัติโดย: นาย ธนกรณ์ อ่อนกลั่น', '2025-10-16 13:18:29', '2025-10-16 13:44:16'),
(73, 2, 3, '2025-10-16 00:00:00', '2025-10-16 20:44:16', '2025-10-17 00:00:00', 'returned', 'อนุมัติโดย: นาย ธนกรณ์ อ่อนกลั่น', '2025-10-16 13:18:29', '2025-10-16 13:44:16'),
(74, 2, 2, '2025-10-16 00:00:00', '2025-10-16 20:44:16', '2025-10-17 00:00:00', 'returned', 'อนุมัติโดย: นาย ธนกรณ์ อ่อนกลั่น', '2025-10-16 13:18:29', '2025-10-16 13:44:16'),
(75, 2, 4, '2025-10-16 00:00:00', '2025-10-16 20:44:16', '2025-10-17 00:00:00', 'returned', 'อนุมัติโดย: นาย ธนกรณ์ อ่อนกลั่น', '2025-10-16 13:18:29', '2025-10-16 13:44:16'),
(76, 2, 1, '2025-10-16 00:00:00', '2025-10-16 20:44:16', '2025-10-23 00:00:00', 'returned', 'อนุมัติโดย: นาย ธนกรณ์ อ่อนกลั่น', '2025-10-16 13:19:24', '2025-10-16 13:44:16'),
(77, 2, 5, '2025-10-16 00:00:00', '2025-10-16 20:44:16', '2025-10-23 00:00:00', 'returned', 'อนุมัติโดย: นาย ธนกรณ์ อ่อนกลั่น', '2025-10-16 13:19:24', '2025-10-16 13:44:16'),
(78, 2, 9, '2025-10-16 00:00:00', '2025-10-16 20:44:16', '2025-10-23 00:00:00', 'returned', 'อนุมัติโดย: นาย ธนกรณ์ อ่อนกลั่น', '2025-10-16 13:19:24', '2025-10-16 13:44:16'),
(79, 2, 4, '2025-10-16 00:00:00', '2025-10-16 20:44:16', '2025-10-23 00:00:00', 'returned', 'อนุมัติโดย: นาย ธนกรณ์ อ่อนกลั่น', '2025-10-16 13:19:24', '2025-10-16 13:44:16'),
(80, 2, 2, '2025-10-16 00:00:00', '2025-10-16 20:44:16', '2025-10-23 00:00:00', 'returned', 'อนุมัติโดย: นาย ธนกรณ์ อ่อนกลั่น', '2025-10-16 13:19:24', '2025-10-16 13:44:16'),
(81, 2, 3, '2025-10-16 00:00:00', '2025-10-16 20:44:16', '2025-10-23 00:00:00', 'returned', 'อนุมัติโดย: นาย ธนกรณ์ อ่อนกลั่น', '2025-10-16 13:19:24', '2025-10-16 13:44:16'),
(82, 2, 6, '2025-10-16 00:00:00', '2025-10-16 20:44:16', '2025-10-23 00:00:00', 'returned', 'อนุมัติโดย: นาย ธนกรณ์ อ่อนกลั่น', '2025-10-16 13:19:24', '2025-10-16 13:44:16'),
(83, 2, 7, '2025-10-16 00:00:00', '2025-10-16 20:44:16', '2025-10-23 00:00:00', 'returned', 'อนุมัติโดย: นาย ธนกรณ์ อ่อนกลั่น', '2025-10-16 13:19:24', '2025-10-16 13:44:16'),
(84, 2, 16, '2025-10-16 00:00:00', '2025-10-16 20:44:16', '2025-10-22 00:00:00', 'returned', 'อนุมัติโดย: นาย ธนกรณ์ อ่อนกลั่น', '2025-10-16 13:42:39', '2025-10-16 13:44:16'),
(85, 2, 16, '2025-10-16 00:00:00', '2025-10-16 20:44:16', '2025-10-22 00:00:00', 'returned', 'อนุมัติโดย: นาย ธนกรณ์ อ่อนกลั่น', '2025-10-16 13:42:39', '2025-10-16 13:44:16'),
(86, 2, 16, '2025-10-16 00:00:00', '2025-10-16 20:44:16', '2025-10-22 00:00:00', 'returned', 'อนุมัติโดย: นาย ธนกรณ์ อ่อนกลั่น', '2025-10-16 13:42:39', '2025-10-16 13:44:16'),
(87, 2, 16, '2025-10-16 00:00:00', '2025-10-16 20:44:16', '2025-10-22 00:00:00', 'returned', 'อนุมัติโดย: นาย ธนกรณ์ อ่อนกลั่น', '2025-10-16 13:42:39', '2025-10-16 13:44:16'),
(88, 2, 16, '2025-10-16 00:00:00', '2025-10-16 20:44:16', '2025-10-22 00:00:00', 'returned', 'อนุมัติโดย: นาย ธนกรณ์ อ่อนกลั่น', '2025-10-16 13:42:39', '2025-10-16 13:44:16'),
(89, 2, 16, '2025-10-16 00:00:00', '2025-10-16 20:44:16', '2025-10-22 00:00:00', 'returned', 'อนุมัติโดย: นาย ธนกรณ์ อ่อนกลั่น', '2025-10-16 13:42:39', '2025-10-16 13:44:16'),
(90, 2, 16, '2025-10-16 00:00:00', '2025-10-16 20:44:16', '2025-10-22 00:00:00', 'returned', 'อนุมัติโดย: นาย ธนกรณ์ อ่อนกลั่น', '2025-10-16 13:42:39', '2025-10-16 13:44:16'),
(91, 2, 1, '2025-10-16 00:00:00', '2025-10-17 12:01:47', '2025-10-21 00:00:00', 'returned', 'อนุมัติโดย: นาย ธนกรณ์ อ่อนกลั่น', '2025-10-16 13:57:33', '2025-10-17 05:01:47'),
(92, 2, 2, '2025-10-16 00:00:00', '2025-10-17 12:01:47', '2025-10-21 00:00:00', 'returned', 'อนุมัติโดย: นาย ธนกรณ์ อ่อนกลั่น', '2025-10-16 13:57:33', '2025-10-17 05:01:47'),
(93, 2, 3, '2025-10-16 00:00:00', '2025-10-17 12:01:47', '2025-10-21 00:00:00', 'returned', 'อนุมัติโดย: นาย ธนกรณ์ อ่อนกลั่น', '2025-10-16 13:57:33', '2025-10-17 05:01:47'),
(94, 2, 5, '2025-10-16 00:00:00', '2025-10-17 12:01:47', '2025-10-21 00:00:00', 'returned', 'อนุมัติโดย: นาย ธนกรณ์ อ่อนกลั่น', '2025-10-16 13:57:33', '2025-10-17 05:01:47'),
(95, 2, 4, '2025-10-16 00:00:00', '2025-10-17 12:01:47', '2025-10-21 00:00:00', 'returned', 'อนุมัติโดย: นาย ธนกรณ์ อ่อนกลั่น', '2025-10-16 13:57:33', '2025-10-17 05:01:47'),
(96, 2, 1, '2025-10-16 00:00:00', '2025-10-17 12:01:53', '2025-10-22 00:00:00', 'returned', 'อนุมัติโดย: นาย ธนกรณ์ อ่อนกลั่น', '2025-10-16 13:58:22', '2025-10-17 05:01:53'),
(97, 2, 2, '2025-10-16 00:00:00', '2025-10-17 12:01:53', '2025-10-22 00:00:00', 'returned', 'อนุมัติโดย: นาย ธนกรณ์ อ่อนกลั่น', '2025-10-16 13:58:22', '2025-10-17 05:01:53'),
(98, 2, 3, '2025-10-16 00:00:00', '2025-10-17 12:01:53', '2025-10-22 00:00:00', 'returned', 'อนุมัติโดย: นาย ธนกรณ์ อ่อนกลั่น', '2025-10-16 13:58:22', '2025-10-17 05:01:53'),
(99, 2, 1, '2025-10-16 00:00:00', '2025-10-17 12:02:00', '2025-10-23 00:00:00', 'returned', 'อนุมัติโดย: นาย ธนกรณ์ อ่อนกลั่น', '2025-10-16 16:18:32', '2025-10-17 05:02:00'),
(100, 2, 2, '2025-10-16 00:00:00', '2025-10-17 12:02:00', '2025-10-23 00:00:00', 'returned', 'อนุมัติโดย: นาย ธนกรณ์ อ่อนกลั่น', '2025-10-16 16:18:32', '2025-10-17 05:02:00'),
(101, 2, 3, '2025-10-16 00:00:00', '2025-10-17 12:02:00', '2025-10-23 00:00:00', 'returned', 'อนุมัติโดย: นาย ธนกรณ์ อ่อนกลั่น', '2025-10-16 16:18:32', '2025-10-17 05:02:00'),
(102, 2, 8, '2025-10-16 00:00:00', '2025-10-17 12:02:00', '2025-10-23 00:00:00', 'returned', 'อนุมัติโดย: นาย ธนกรณ์ อ่อนกลั่น', '2025-10-16 16:18:32', '2025-10-17 05:02:00'),
(103, 2, 4, '2025-10-16 00:00:00', '2025-10-17 12:02:00', '2025-10-23 00:00:00', 'returned', 'อนุมัติโดย: นาย ธนกรณ์ อ่อนกลั่น', '2025-10-16 16:18:32', '2025-10-17 05:02:00'),
(104, 2, 1, '2025-10-17 00:00:00', '2025-10-17 12:02:32', '2025-10-24 00:00:00', 'returned', 'อนุมัติโดย: นาย ธนกรณ์ อ่อนกลั่น', '2025-10-17 04:57:29', '2025-10-17 05:02:32'),
(105, 2, 2, '2025-10-17 00:00:00', '2025-10-17 12:02:32', '2025-10-24 00:00:00', 'returned', 'อนุมัติโดย: นาย ธนกรณ์ อ่อนกลั่น', '2025-10-17 04:57:29', '2025-10-17 05:02:32'),
(106, 2, 3, '2025-10-17 00:00:00', '2025-10-17 12:02:32', '2025-10-24 00:00:00', 'returned', 'อนุมัติโดย: นาย ธนกรณ์ อ่อนกลั่น', '2025-10-17 04:57:29', '2025-10-17 05:02:32'),
(107, 2, 3, '2025-10-17 00:00:00', '2025-10-17 12:02:32', '2025-10-24 00:00:00', 'returned', 'อนุมัติโดย: นาย ธนกรณ์ อ่อนกลั่น', '2025-10-17 04:57:29', '2025-10-17 05:02:32'),
(108, 2, 3, '2025-10-17 00:00:00', '2025-10-17 12:02:32', '2025-10-24 00:00:00', 'returned', 'อนุมัติโดย: นาย ธนกรณ์ อ่อนกลั่น', '2025-10-17 04:57:29', '2025-10-17 05:02:32'),
(109, 2, 3, '2025-10-17 00:00:00', '2025-10-17 12:02:32', '2025-10-24 00:00:00', 'returned', 'อนุมัติโดย: นาย ธนกรณ์ อ่อนกลั่น', '2025-10-17 04:57:29', '2025-10-17 05:02:32'),
(110, 2, 3, '2025-10-17 00:00:00', '2025-10-17 12:02:32', '2025-10-24 00:00:00', 'returned', 'อนุมัติโดย: นาย ธนกรณ์ อ่อนกลั่น', '2025-10-17 04:57:29', '2025-10-17 05:02:32'),
(111, 2, 3, '2025-10-17 00:00:00', '2025-10-17 12:02:32', '2025-10-24 00:00:00', 'returned', 'อนุมัติโดย: นาย ธนกรณ์ อ่อนกลั่น', '2025-10-17 04:57:29', '2025-10-17 05:02:32'),
(112, 2, 4, '2025-10-17 00:00:00', '2025-10-17 12:02:32', '2025-10-24 00:00:00', 'returned', 'อนุมัติโดย: นาย ธนกรณ์ อ่อนกลั่น', '2025-10-17 04:57:29', '2025-10-17 05:02:32'),
(113, 2, 5, '2025-10-17 00:00:00', '2025-10-17 12:02:32', '2025-10-24 00:00:00', 'returned', 'อนุมัติโดย: นาย ธนกรณ์ อ่อนกลั่น', '2025-10-17 04:57:29', '2025-10-17 05:02:32'),
(114, 2, 10, '2025-10-17 00:00:00', '2025-10-17 12:02:32', '2025-10-24 00:00:00', 'returned', 'อนุมัติโดย: นาย ธนกรณ์ อ่อนกลั่น', '2025-10-17 04:57:29', '2025-10-17 05:02:32'),
(115, 2, 9, '2025-10-17 00:00:00', '2025-10-17 12:02:32', '2025-10-24 00:00:00', 'returned', 'อนุมัติโดย: นาย ธนกรณ์ อ่อนกลั่น', '2025-10-17 04:57:29', '2025-10-17 05:02:32'),
(116, 2, 16, '2025-10-17 00:00:00', '2025-10-17 12:02:21', '2025-10-23 00:00:00', 'returned', 'อนุมัติโดย: นาย ธนกรณ์ อ่อนกลั่น', '2025-10-17 05:01:18', '2025-10-17 05:02:21'),
(117, 2, 11, '2025-10-17 00:00:00', '2025-10-17 12:02:21', '2025-10-23 00:00:00', 'returned', 'อนุมัติโดย: นาย ธนกรณ์ อ่อนกลั่น', '2025-10-17 05:01:18', '2025-10-17 05:02:21'),
(118, 2, 12, '2025-10-17 00:00:00', '2025-10-17 12:02:21', '2025-10-23 00:00:00', 'returned', 'อนุมัติโดย: นาย ธนกรณ์ อ่อนกลั่น', '2025-10-17 05:01:18', '2025-10-17 05:02:21'),
(119, 2, 14, '2025-10-17 00:00:00', '2025-10-17 12:02:21', '2025-10-23 00:00:00', 'returned', 'อนุมัติโดย: นาย ธนกรณ์ อ่อนกลั่น', '2025-10-17 05:01:18', '2025-10-17 05:02:21'),
(120, 2, 15, '2025-10-17 00:00:00', '2025-10-17 12:02:21', '2025-10-23 00:00:00', 'returned', 'อนุมัติโดย: นาย ธนกรณ์ อ่อนกลั่น', '2025-10-17 05:01:18', '2025-10-17 05:02:21'),
(121, 2, 10, '2025-10-17 00:00:00', '2025-10-17 12:02:21', '2025-10-23 00:00:00', 'returned', 'อนุมัติโดย: นาย ธนกรณ์ อ่อนกลั่น', '2025-10-17 05:01:18', '2025-10-17 05:02:21'),
(122, 2, 9, '2025-10-17 00:00:00', '2025-10-17 12:02:21', '2025-10-23 00:00:00', 'returned', 'อนุมัติโดย: นาย ธนกรณ์ อ่อนกลั่น', '2025-10-17 05:01:18', '2025-10-17 05:02:21'),
(123, 2, 8, '2025-10-17 00:00:00', '2025-10-17 12:02:21', '2025-10-23 00:00:00', 'returned', 'อนุมัติโดย: นาย ธนกรณ์ อ่อนกลั่น', '2025-10-17 05:01:18', '2025-10-17 05:02:21'),
(124, 2, 7, '2025-10-17 00:00:00', '2025-10-17 12:02:21', '2025-10-23 00:00:00', 'returned', 'อนุมัติโดย: นาย ธนกรณ์ อ่อนกลั่น', '2025-10-17 05:01:18', '2025-10-17 05:02:21'),
(125, 2, 6, '2025-10-17 00:00:00', '2025-10-17 12:02:21', '2025-10-23 00:00:00', 'returned', 'อนุมัติโดย: นาย ธนกรณ์ อ่อนกลั่น', '2025-10-17 05:01:18', '2025-10-17 05:02:21'),
(126, 2, 13, '2025-10-17 00:00:00', '2025-10-17 12:02:21', '2025-10-23 00:00:00', 'returned', 'อนุมัติโดย: นาย ธนกรณ์ อ่อนกลั่น', '2025-10-17 05:01:18', '2025-10-17 05:02:21'),
(127, 2, 5, '2025-10-17 00:00:00', '2025-10-17 12:02:21', '2025-10-23 00:00:00', 'returned', 'อนุมัติโดย: นาย ธนกรณ์ อ่อนกลั่น', '2025-10-17 05:01:18', '2025-10-17 05:02:21'),
(128, 2, 4, '2025-10-17 00:00:00', '2025-10-17 12:02:21', '2025-10-23 00:00:00', 'returned', 'อนุมัติโดย: นาย ธนกรณ์ อ่อนกลั่น', '2025-10-17 05:01:18', '2025-10-17 05:02:21'),
(129, 2, 2, '2025-10-17 00:00:00', '2025-10-17 12:02:21', '2025-10-23 00:00:00', 'returned', 'อนุมัติโดย: นาย ธนกรณ์ อ่อนกลั่น', '2025-10-17 05:01:18', '2025-10-17 05:02:21'),
(130, 2, 1, '2025-10-17 00:00:00', '2025-10-17 12:02:21', '2025-10-23 00:00:00', 'returned', 'อนุมัติโดย: นาย ธนกรณ์ อ่อนกลั่น', '2025-10-17 05:01:18', '2025-10-17 05:02:21'),
(131, 2, 2, '2025-10-17 00:00:00', NULL, '2025-10-24 00:00:00', 'borrowed', 'อนุมัติโดย: นาย ธนกรณ์ อ่อนกลั่น', '2025-10-17 05:02:36', '2025-10-17 05:02:36'),
(132, 2, 4, '2025-10-17 00:00:00', NULL, '2025-10-24 00:00:00', 'borrowed', 'อนุมัติโดย: นาย ธนกรณ์ อ่อนกลั่น', '2025-10-17 05:02:36', '2025-10-17 05:02:36'),
(133, 2, 5, '2025-10-17 00:00:00', NULL, '2025-10-24 00:00:00', 'borrowed', 'อนุมัติโดย: นาย ธนกรณ์ อ่อนกลั่น', '2025-10-17 05:02:36', '2025-10-17 05:02:36'),
(134, 2, 5, '2025-10-17 00:00:00', '2025-10-17 19:58:13', '2025-10-22 00:00:00', 'returned', 'อนุมัติโดย: นาย ธนกรณ์ อ่อนกลั่น', '2025-10-17 05:02:56', '2025-10-17 12:58:13'),
(135, 2, 5, '2025-10-17 00:00:00', '2025-10-17 19:58:13', '2025-10-22 00:00:00', 'returned', 'อนุมัติโดย: นาย ธนกรณ์ อ่อนกลั่น', '2025-10-17 05:02:56', '2025-10-17 12:58:13'),
(136, 2, 4, '2025-10-17 00:00:00', '2025-10-17 19:58:13', '2025-10-22 00:00:00', 'returned', 'อนุมัติโดย: นาย ธนกรณ์ อ่อนกลั่น', '2025-10-17 05:02:56', '2025-10-17 12:58:13'),
(137, 2, 3, '2025-10-17 00:00:00', '2025-10-17 19:58:13', '2025-10-22 00:00:00', 'returned', 'อนุมัติโดย: นาย ธนกรณ์ อ่อนกลั่น', '2025-10-17 05:02:56', '2025-10-17 12:58:13'),
(138, 2, 1, '2025-10-17 00:00:00', '2025-10-17 19:58:13', '2025-10-22 00:00:00', 'returned', 'อนุมัติโดย: นาย ธนกรณ์ อ่อนกลั่น', '2025-10-17 05:03:25', '2025-10-17 12:58:13'),
(139, 2, 2, '2025-10-17 00:00:00', '2025-10-17 19:58:13', '2025-10-22 00:00:00', 'returned', 'อนุมัติโดย: นาย ธนกรณ์ อ่อนกลั่น', '2025-10-17 05:03:25', '2025-10-17 12:58:13'),
(140, 2, 3, '2025-10-17 00:00:00', '2025-10-17 19:58:13', '2025-10-22 00:00:00', 'returned', 'อนุมัติโดย: นาย ธนกรณ์ อ่อนกลั่น', '2025-10-17 05:03:25', '2025-10-17 12:58:13'),
(141, 2, 4, '2025-10-17 00:00:00', '2025-10-17 19:58:13', '2025-10-22 00:00:00', 'returned', 'อนุมัติโดย: นาย ธนกรณ์ อ่อนกลั่น', '2025-10-17 05:03:25', '2025-10-17 12:58:13'),
(142, 2, 5, '2025-10-17 00:00:00', '2025-10-17 19:58:13', '2025-10-22 00:00:00', 'returned', 'อนุมัติโดย: นาย ธนกรณ์ อ่อนกลั่น', '2025-10-17 05:03:25', '2025-10-17 12:58:13'),
(143, 2, 10, '2025-10-17 00:00:00', '2025-10-17 19:58:13', '2025-10-22 00:00:00', 'returned', 'อนุมัติโดย: นาย ธนกรณ์ อ่อนกลั่น', '2025-10-17 05:03:25', '2025-10-17 12:58:13'),
(144, 2, 9, '2025-10-17 00:00:00', '2025-10-17 19:58:13', '2025-10-22 00:00:00', 'returned', 'อนุมัติโดย: นาย ธนกรณ์ อ่อนกลั่น', '2025-10-17 05:03:25', '2025-10-17 12:58:13'),
(145, 2, 8, '2025-10-17 00:00:00', '2025-10-17 19:58:13', '2025-10-22 00:00:00', 'returned', 'อนุมัติโดย: นาย ธนกรณ์ อ่อนกลั่น', '2025-10-17 05:03:25', '2025-10-17 12:58:13'),
(146, 2, 7, '2025-10-17 00:00:00', '2025-10-17 19:58:13', '2025-10-22 00:00:00', 'returned', 'อนุมัติโดย: นาย ธนกรณ์ อ่อนกลั่น', '2025-10-17 05:03:25', '2025-10-17 12:58:13'),
(147, 2, 6, '2025-10-17 00:00:00', '2025-10-17 19:58:13', '2025-10-22 00:00:00', 'returned', 'อนุมัติโดย: นาย ธนกรณ์ อ่อนกลั่น', '2025-10-17 05:03:25', '2025-10-17 12:58:13'),
(148, 2, 11, '2025-10-17 00:00:00', '2025-10-17 19:58:13', '2025-10-22 00:00:00', 'returned', 'อนุมัติโดย: นาย ธนกรณ์ อ่อนกลั่น', '2025-10-17 05:03:25', '2025-10-17 12:58:13'),
(149, 2, 12, '2025-10-17 00:00:00', '2025-10-17 19:58:13', '2025-10-22 00:00:00', 'returned', 'อนุมัติโดย: นาย ธนกรณ์ อ่อนกลั่น', '2025-10-17 05:03:25', '2025-10-17 12:58:13'),
(150, 2, 13, '2025-10-17 00:00:00', '2025-10-17 19:58:13', '2025-10-22 00:00:00', 'returned', 'อนุมัติโดย: นาย ธนกรณ์ อ่อนกลั่น', '2025-10-17 05:03:25', '2025-10-17 12:58:13'),
(151, 2, 15, '2025-10-17 00:00:00', '2025-10-17 19:58:13', '2025-10-22 00:00:00', 'returned', 'อนุมัติโดย: นาย ธนกรณ์ อ่อนกลั่น', '2025-10-17 05:03:25', '2025-10-17 12:58:13'),
(152, 2, 14, '2025-10-17 00:00:00', '2025-10-17 19:58:13', '2025-10-22 00:00:00', 'returned', 'อนุมัติโดย: นาย ธนกรณ์ อ่อนกลั่น', '2025-10-17 05:03:25', '2025-10-17 12:58:13'),
(153, 2, 16, '2025-10-17 00:00:00', '2025-10-17 19:58:13', '2025-10-22 00:00:00', 'returned', 'อนุมัติโดย: นาย ธนกรณ์ อ่อนกลั่น', '2025-10-17 05:03:25', '2025-10-17 12:58:13'),
(154, 2, 1, '2025-10-17 00:00:00', '2025-10-17 15:51:57', '2025-10-21 00:00:00', 'returned', 'อนุมัติโดย: นาย ธนกรณ์ อ่อนกลั่น', '2025-10-17 05:04:03', '2025-10-17 08:51:57'),
(155, 2, 2, '2025-10-17 00:00:00', '2025-10-17 15:51:57', '2025-10-21 00:00:00', 'returned', 'อนุมัติโดย: นาย ธนกรณ์ อ่อนกลั่น', '2025-10-17 05:04:03', '2025-10-17 08:51:57'),
(156, 2, 3, '2025-10-17 00:00:00', '2025-10-17 15:51:57', '2025-10-21 00:00:00', 'returned', 'อนุมัติโดย: นาย ธนกรณ์ อ่อนกลั่น', '2025-10-17 05:04:03', '2025-10-17 08:51:57'),
(157, 2, 4, '2025-10-17 00:00:00', NULL, '2025-10-23 00:00:00', 'borrowed', 'อนุมัติโดย: นาย ธนกรณ์ อ่อนกลั่น', '2025-10-17 05:04:21', '2025-10-17 05:04:21'),
(158, 2, 3, '2025-10-17 00:00:00', NULL, '2025-10-23 00:00:00', 'borrowed', 'อนุมัติโดย: นาย ธนกรณ์ อ่อนกลั่น', '2025-10-17 05:04:21', '2025-10-17 05:04:21'),
(159, 2, 5, '2025-10-17 00:00:00', NULL, '2025-10-23 00:00:00', 'borrowed', 'อนุมัติโดย: นาย ธนกรณ์ อ่อนกลั่น', '2025-10-17 05:04:21', '2025-10-17 05:04:21'),
(160, 2, 7, '2025-10-17 00:00:00', '2025-10-17 19:58:13', '2025-10-22 00:00:00', 'returned', 'อนุมัติโดย: นาย ธนกรณ์ อ่อนกลั่น', '2025-10-17 05:05:04', '2025-10-17 12:58:13'),
(161, 2, 6, '2025-10-17 00:00:00', '2025-10-17 19:58:13', '2025-10-22 00:00:00', 'returned', 'อนุมัติโดย: นาย ธนกรณ์ อ่อนกลั่น', '2025-10-17 05:05:04', '2025-10-17 12:58:13'),
(162, 2, 8, '2025-10-17 00:00:00', '2025-10-17 19:58:13', '2025-10-22 00:00:00', 'returned', 'อนุมัติโดย: นาย ธนกรณ์ อ่อนกลั่น', '2025-10-17 05:05:04', '2025-10-17 12:58:13'),
(163, 2, 9, '2025-10-17 00:00:00', '2025-10-17 19:58:13', '2025-10-22 00:00:00', 'returned', 'อนุมัติโดย: นาย ธนกรณ์ อ่อนกลั่น', '2025-10-17 05:05:04', '2025-10-17 12:58:13');

-- --------------------------------------------------------

--
-- Table structure for table `borrowing_history`
--

CREATE TABLE `borrowing_history` (
  `id` int(11) NOT NULL,
  `borrowing_id` int(11) NOT NULL COMMENT 'ID การยืม',
  `user_id` int(11) NOT NULL COMMENT 'ID ผู้ใช้',
  `equipment_id` int(11) NOT NULL COMMENT 'ID อุปกรณ์',
  `approver_id` int(11) DEFAULT NULL COMMENT 'ID ผู้อนุมัติ',
  `approver_name` varchar(100) DEFAULT NULL COMMENT 'ชื่อผู้อนุมัติ',
  `equipment_names` text DEFAULT NULL COMMENT 'รายชื่ออุปกรณ์',
  `action` enum('borrow','return','extend','lost','approve') NOT NULL COMMENT 'การกระทำ',
  `action_date` datetime NOT NULL COMMENT 'วันที่กระทำ',
  `notes` text DEFAULT NULL COMMENT 'หมายเหตุ',
  `created_at` timestamp NOT NULL DEFAULT current_timestamp()
) ENGINE=InnoDB DEFAULT CHARSET=utf8mb4 COLLATE=utf8mb4_unicode_ci COMMENT='ตารางประวัติการยืม-คืน';

--
-- Dumping data for table `borrowing_history`
--

INSERT INTO `borrowing_history` (`id`, `borrowing_id`, `user_id`, `equipment_id`, `approver_id`, `approver_name`, `equipment_names`, `action`, `action_date`, `notes`, `created_at`) VALUES
(1, 1, 3, 2, 3, 'ทดสอบ', NULL, 'borrow', '2025-10-05 13:38:02', 'อนุมัติโดย: ทดสอบ', '2025-10-05 06:38:02'),
(2, 2, 3, 3, 3, 'ทดสอบ', NULL, 'borrow', '2025-10-05 13:38:02', 'อนุมัติโดย: ทดสอบ', '2025-10-05 06:38:02'),
(3, 3, 3, 4, 3, 'ทดสอบ', NULL, 'borrow', '2025-10-05 13:38:02', 'อนุมัติโดย: ทดสอบ', '2025-10-05 06:38:02'),
(4, 4, 2, 1, 2, 'นาย ธนกรณ์ อ่อนกลั่น', NULL, 'borrow', '2025-10-06 22:39:31', 'อนุมัติโดย: นาย ธนกรณ์ อ่อนกลั่น', '2025-10-06 15:39:31'),
(5, 5, 2, 2, 2, 'นาย ธนกรณ์ อ่อนกลั่น', NULL, 'borrow', '2025-10-06 22:39:31', 'อนุมัติโดย: นาย ธนกรณ์ อ่อนกลั่น', '2025-10-06 15:39:31'),
(6, 6, 2, 3, 2, 'นาย ธนกรณ์ อ่อนกลั่น', NULL, 'borrow', '2025-10-06 22:39:31', 'อนุมัติโดย: นาย ธนกรณ์ อ่อนกลั่น', '2025-10-06 15:39:31'),
(7, 7, 2, 4, 2, 'นาย ธนกรณ์ อ่อนกลั่น', NULL, 'borrow', '2025-10-06 22:39:31', 'อนุมัติโดย: นาย ธนกรณ์ อ่อนกลั่น', '2025-10-06 15:39:31'),
(8, 8, 2, 5, 2, 'นาย ธนกรณ์ อ่อนกลั่น', NULL, 'borrow', '2025-10-06 22:39:31', 'อนุมัติโดย: นาย ธนกรณ์ อ่อนกลั่น', '2025-10-06 15:39:31'),
(9, 9, 2, 10, 2, 'นาย ธนกรณ์ อ่อนกลั่น', NULL, 'borrow', '2025-10-06 22:39:31', 'อนุมัติโดย: นาย ธนกรณ์ อ่อนกลั่น', '2025-10-06 15:39:31'),
(10, 10, 2, 7, 2, 'นาย ธนกรณ์ อ่อนกลั่น', NULL, 'borrow', '2025-10-06 22:39:31', 'อนุมัติโดย: นาย ธนกรณ์ อ่อนกลั่น', '2025-10-06 15:39:31'),
(11, 11, 2, 6, 2, 'นาย ธนกรณ์ อ่อนกลั่น', NULL, 'borrow', '2025-10-06 22:39:31', 'อนุมัติโดย: นาย ธนกรณ์ อ่อนกลั่น', '2025-10-06 15:39:31'),
(12, 12, 2, 11, 2, 'นาย ธนกรณ์ อ่อนกลั่น', NULL, 'borrow', '2025-10-06 22:39:31', 'อนุมัติโดย: นาย ธนกรณ์ อ่อนกลั่น', '2025-10-06 15:39:31'),
(13, 13, 2, 12, 2, 'นาย ธนกรณ์ อ่อนกลั่น', NULL, 'borrow', '2025-10-06 22:39:31', 'อนุมัติโดย: นาย ธนกรณ์ อ่อนกลั่น', '2025-10-06 15:39:31'),
(14, 14, 2, 14, 2, 'นาย ธนกรณ์ อ่อนกลั่น', NULL, 'borrow', '2025-10-06 22:39:31', 'อนุมัติโดย: นาย ธนกรณ์ อ่อนกลั่น', '2025-10-06 15:39:31'),
(15, 15, 2, 15, 2, 'นาย ธนกรณ์ อ่อนกลั่น', NULL, 'borrow', '2025-10-06 22:39:31', 'อนุมัติโดย: นาย ธนกรณ์ อ่อนกลั่น', '2025-10-06 15:39:31'),
(16, 16, 2, 16, 2, 'นาย ธนกรณ์ อ่อนกลั่น', NULL, 'borrow', '2025-10-06 22:39:31', 'อนุมัติโดย: นาย ธนกรณ์ อ่อนกลั่น', '2025-10-06 15:39:31'),
(17, 17, 2, 1, 2, 'นาย ธนกรณ์ อ่อนกลั่น', NULL, 'borrow', '2025-10-06 22:40:01', 'อนุมัติโดย: นาย ธนกรณ์ อ่อนกลั่น', '2025-10-06 15:40:01'),
(18, 18, 2, 2, 2, 'นาย ธนกรณ์ อ่อนกลั่น', NULL, 'borrow', '2025-10-06 22:40:01', 'อนุมัติโดย: นาย ธนกรณ์ อ่อนกลั่น', '2025-10-06 15:40:01'),
(19, 19, 2, 3, 2, 'นาย ธนกรณ์ อ่อนกลั่น', NULL, 'borrow', '2025-10-06 22:40:01', 'อนุมัติโดย: นาย ธนกรณ์ อ่อนกลั่น', '2025-10-06 15:40:01'),
(20, 20, 2, 4, 2, 'นาย ธนกรณ์ อ่อนกลั่น', NULL, 'borrow', '2025-10-06 22:40:01', 'อนุมัติโดย: นาย ธนกรณ์ อ่อนกลั่น', '2025-10-06 15:40:01'),
(21, 21, 2, 1, 2, 'นาย ธนกรณ์ อ่อนกลั่น', NULL, 'borrow', '2025-10-06 22:43:22', 'อนุมัติโดย: นาย ธนกรณ์ อ่อนกลั่น', '2025-10-06 15:43:22'),
(22, 22, 2, 1, 2, 'นาย ธนกรณ์ อ่อนกลั่น', NULL, 'borrow', '2025-10-06 22:43:22', 'อนุมัติโดย: นาย ธนกรณ์ อ่อนกลั่น', '2025-10-06 15:43:22'),
(23, 23, 2, 1, 2, 'นาย ธนกรณ์ อ่อนกลั่น', NULL, 'borrow', '2025-10-06 22:43:22', 'อนุมัติโดย: นาย ธนกรณ์ อ่อนกลั่น', '2025-10-06 15:43:22'),
(24, 24, 2, 1, 2, 'นาย ธนกรณ์ อ่อนกลั่น', NULL, 'borrow', '2025-10-06 22:43:22', 'อนุมัติโดย: นาย ธนกรณ์ อ่อนกลั่น', '2025-10-06 15:43:22'),
(25, 25, 2, 1, 2, 'นาย ธนกรณ์ อ่อนกลั่น', NULL, 'borrow', '2025-10-06 22:43:22', 'อนุมัติโดย: นาย ธนกรณ์ อ่อนกลั่น', '2025-10-06 15:43:22'),
(26, 26, 2, 1, 2, 'นาย ธนกรณ์ อ่อนกลั่น', NULL, 'borrow', '2025-10-06 22:43:22', 'อนุมัติโดย: นาย ธนกรณ์ อ่อนกลั่น', '2025-10-06 15:43:22'),
(27, 27, 2, 1, 2, 'นาย ธนกรณ์ อ่อนกลั่น', NULL, 'borrow', '2025-10-06 22:43:22', 'อนุมัติโดย: นาย ธนกรณ์ อ่อนกลั่น', '2025-10-06 15:43:22'),
(28, 28, 2, 1, 2, 'นาย ธนกรณ์ อ่อนกลั่น', NULL, 'borrow', '2025-10-06 22:43:22', 'อนุมัติโดย: นาย ธนกรณ์ อ่อนกลั่น', '2025-10-06 15:43:22'),
(29, 29, 2, 1, 2, 'นาย ธนกรณ์ อ่อนกลั่น', NULL, 'borrow', '2025-10-12 16:56:49', 'อนุมัติโดย: นาย ธนกรณ์ อ่อนกลั่น', '2025-10-12 09:56:49'),
(30, 30, 2, 1, 2, 'นาย ธนกรณ์ อ่อนกลั่น', NULL, 'borrow', '2025-10-12 16:56:49', 'อนุมัติโดย: นาย ธนกรณ์ อ่อนกลั่น', '2025-10-12 09:56:49'),
(31, 14, 2, 14, 2, 'นาย ธนกรณ์ อ่อนกลั่น', NULL, 'return', '2025-10-12 17:00:10', 'คืนปกติ', '2025-10-12 10:00:10'),
(32, 4, 2, 1, 2, 'นาย ธนกรณ์ อ่อนกลั่น', NULL, 'return', '2025-10-12 17:00:10', 'คืนปกติ', '2025-10-12 10:00:10'),
(33, 17, 2, 1, 2, 'นาย ธนกรณ์ อ่อนกลั่น', NULL, 'return', '2025-10-12 17:00:10', 'คืนปกติ', '2025-10-12 10:00:10'),
(34, 21, 2, 1, 2, 'นาย ธนกรณ์ อ่อนกลั่น', NULL, 'return', '2025-10-12 17:00:10', 'คืนปกติ', '2025-10-12 10:00:10'),
(35, 22, 2, 1, 2, 'นาย ธนกรณ์ อ่อนกลั่น', NULL, 'return', '2025-10-12 17:00:10', 'คืนปกติ', '2025-10-12 10:00:10'),
(36, 23, 2, 1, 2, 'นาย ธนกรณ์ อ่อนกลั่น', NULL, 'return', '2025-10-12 17:00:10', 'คืนปกติ', '2025-10-12 10:00:10'),
(37, 24, 2, 1, 2, 'นาย ธนกรณ์ อ่อนกลั่น', NULL, 'return', '2025-10-12 17:00:10', 'คืนปกติ', '2025-10-12 10:00:10'),
(38, 25, 2, 1, 2, 'นาย ธนกรณ์ อ่อนกลั่น', NULL, 'return', '2025-10-12 17:00:10', 'คืนปกติ', '2025-10-12 10:00:10'),
(39, 26, 2, 1, 2, 'นาย ธนกรณ์ อ่อนกลั่น', NULL, 'return', '2025-10-12 17:00:10', 'คืนปกติ', '2025-10-12 10:00:10'),
(40, 27, 2, 1, 2, 'นาย ธนกรณ์ อ่อนกลั่น', NULL, 'return', '2025-10-12 17:00:10', 'คืนปกติ', '2025-10-12 10:00:10'),
(41, 28, 2, 1, 2, 'นาย ธนกรณ์ อ่อนกลั่น', NULL, 'return', '2025-10-12 17:00:10', 'คืนปกติ', '2025-10-12 10:00:10'),
(42, 29, 2, 1, 2, 'นาย ธนกรณ์ อ่อนกลั่น', NULL, 'return', '2025-10-12 17:00:10', 'คืนปกติ', '2025-10-12 10:00:10'),
(43, 30, 2, 1, 2, 'นาย ธนกรณ์ อ่อนกลั่น', NULL, 'return', '2025-10-12 17:00:10', 'คืนปกติ', '2025-10-12 10:00:10'),
(44, 15, 2, 15, 2, 'นาย ธนกรณ์ อ่อนกลั่น', NULL, 'return', '2025-10-12 17:00:10', 'คืนปกติ', '2025-10-12 10:00:10'),
(45, 12, 2, 11, 2, 'นาย ธนกรณ์ อ่อนกลั่น', NULL, 'return', '2025-10-12 17:00:10', 'คืนปกติ', '2025-10-12 10:00:10'),
(46, 8, 2, 5, 2, 'นาย ธนกรณ์ อ่อนกลั่น', NULL, 'return', '2025-10-12 17:00:10', 'คืนปกติ', '2025-10-12 10:00:10'),
(47, 6, 2, 3, 2, 'นาย ธนกรณ์ อ่อนกลั่น', NULL, 'return', '2025-10-12 17:00:10', 'คืนปกติ', '2025-10-12 10:00:10'),
(48, 19, 2, 3, 2, 'นาย ธนกรณ์ อ่อนกลั่น', NULL, 'return', '2025-10-12 17:00:10', 'คืนปกติ', '2025-10-12 10:00:10'),
(49, 9, 2, 10, 2, 'นาย ธนกรณ์ อ่อนกลั่น', NULL, 'return', '2025-10-12 17:00:10', 'คืนปกติ', '2025-10-12 10:00:10'),
(50, 7, 2, 4, 2, 'นาย ธนกรณ์ อ่อนกลั่น', NULL, 'return', '2025-10-12 17:00:10', 'คืนปกติ', '2025-10-12 10:00:10'),
(51, 20, 2, 4, 2, 'นาย ธนกรณ์ อ่อนกลั่น', NULL, 'return', '2025-10-12 17:00:10', 'คืนปกติ', '2025-10-12 10:00:10'),
(52, 10, 2, 7, 2, 'นาย ธนกรณ์ อ่อนกลั่น', NULL, 'return', '2025-10-12 17:00:10', 'คืนปกติ', '2025-10-12 10:00:10'),
(53, 5, 2, 2, 2, 'นาย ธนกรณ์ อ่อนกลั่น', NULL, 'return', '2025-10-12 17:00:10', 'คืนปกติ - Raspberry Pi ระเบิด', '2025-10-12 10:00:10'),
(54, 18, 2, 2, 2, 'นาย ธนกรณ์ อ่อนกลั่น', NULL, 'return', '2025-10-12 17:00:10', 'คืนชำรุด/เสียหาย - Raspberry Pi ระเบิด', '2025-10-12 10:00:10'),
(55, 13, 2, 12, 2, 'นาย ธนกรณ์ อ่อนกลั่น', NULL, 'return', '2025-10-12 17:00:10', 'คืนปกติ', '2025-10-12 10:00:10'),
(56, 11, 2, 6, 2, 'นาย ธนกรณ์ อ่อนกลั่น', NULL, 'return', '2025-10-12 17:00:10', 'คืนปกติ', '2025-10-12 10:00:10'),
(57, 16, 2, 16, 2, 'นาย ธนกรณ์ อ่อนกลั่น', NULL, 'return', '2025-10-12 17:00:10', 'คืนปกติ', '2025-10-12 10:00:10'),
(58, 31, 2, 1, 2, 'นาย ธนกรณ์ อ่อนกลั่น', NULL, 'borrow', '2025-10-12 17:00:36', 'อนุมัติโดย: นาย ธนกรณ์ อ่อนกลั่น', '2025-10-12 10:00:36'),
(59, 32, 2, 2, 2, 'นาย ธนกรณ์ อ่อนกลั่น', NULL, 'borrow', '2025-10-12 17:00:36', 'อนุมัติโดย: นาย ธนกรณ์ อ่อนกลั่น', '2025-10-12 10:00:36'),
(60, 33, 2, 5, 2, 'นาย ธนกรณ์ อ่อนกลั่น', NULL, 'borrow', '2025-10-12 17:00:36', 'อนุมัติโดย: นาย ธนกรณ์ อ่อนกลั่น', '2025-10-12 10:00:36'),
(61, 2, 3, 3, 2, 'นาย ธนกรณ์ อ่อนกลั่น', NULL, 'return', '2025-10-12 17:00:55', 'คืนปกติ', '2025-10-12 10:00:55'),
(62, 3, 3, 4, 2, 'นาย ธนกรณ์ อ่อนกลั่น', NULL, 'return', '2025-10-12 17:00:55', 'คืนปกติ', '2025-10-12 10:00:55'),
(63, 1, 3, 2, 2, 'นาย ธนกรณ์ อ่อนกลั่น', NULL, 'return', '2025-10-12 17:00:55', 'คืนปกติ', '2025-10-12 10:00:55'),
(64, 31, 2, 1, 2, 'นาย ธนกรณ์ อ่อนกลั่น', NULL, 'return', '2025-10-12 17:00:58', 'คืนปกติ', '2025-10-12 10:00:58'),
(65, 33, 2, 5, 2, 'นาย ธนกรณ์ อ่อนกลั่น', NULL, 'return', '2025-10-12 17:00:58', 'คืนปกติ', '2025-10-12 10:00:58'),
(66, 32, 2, 2, 2, 'นาย ธนกรณ์ อ่อนกลั่น', NULL, 'return', '2025-10-12 17:00:58', 'คืนปกติ', '2025-10-12 10:00:58'),
(67, 34, 2, 16, 2, 'นาย ธนกรณ์ อ่อนกลั่น', NULL, 'borrow', '2025-10-12 17:03:34', 'อนุมัติโดย: นาย ธนกรณ์ อ่อนกลั่น', '2025-10-12 10:03:34'),
(68, 35, 2, 16, 2, 'นาย ธนกรณ์ อ่อนกลั่น', NULL, 'borrow', '2025-10-12 17:03:34', 'อนุมัติโดย: นาย ธนกรณ์ อ่อนกลั่น', '2025-10-12 10:03:34'),
(69, 36, 2, 16, 2, 'นาย ธนกรณ์ อ่อนกลั่น', NULL, 'borrow', '2025-10-12 17:03:34', 'อนุมัติโดย: นาย ธนกรณ์ อ่อนกลั่น', '2025-10-12 10:03:34'),
(70, 37, 2, 16, 2, 'นาย ธนกรณ์ อ่อนกลั่น', NULL, 'borrow', '2025-10-12 17:03:34', 'อนุมัติโดย: นาย ธนกรณ์ อ่อนกลั่น', '2025-10-12 10:03:34'),
(71, 38, 2, 16, 2, 'นาย ธนกรณ์ อ่อนกลั่น', NULL, 'borrow', '2025-10-12 17:03:34', 'อนุมัติโดย: นาย ธนกรณ์ อ่อนกลั่น', '2025-10-12 10:03:34'),
(72, 39, 2, 16, 2, 'นาย ธนกรณ์ อ่อนกลั่น', NULL, 'borrow', '2025-10-12 17:03:34', 'อนุมัติโดย: นาย ธนกรณ์ อ่อนกลั่น', '2025-10-12 10:03:34'),
(73, 40, 2, 16, 2, 'นาย ธนกรณ์ อ่อนกลั่น', NULL, 'borrow', '2025-10-12 17:03:34', 'อนุมัติโดย: นาย ธนกรณ์ อ่อนกลั่น', '2025-10-12 10:03:34'),
(74, 41, 2, 16, 2, 'นาย ธนกรณ์ อ่อนกลั่น', NULL, 'borrow', '2025-10-12 17:03:34', 'อนุมัติโดย: นาย ธนกรณ์ อ่อนกลั่น', '2025-10-12 10:03:34'),
(75, 42, 2, 16, 2, 'นาย ธนกรณ์ อ่อนกลั่น', NULL, 'borrow', '2025-10-12 17:03:34', 'อนุมัติโดย: นาย ธนกรณ์ อ่อนกลั่น', '2025-10-12 10:03:34'),
(76, 43, 2, 16, 2, 'นาย ธนกรณ์ อ่อนกลั่น', NULL, 'borrow', '2025-10-12 17:03:34', 'อนุมัติโดย: นาย ธนกรณ์ อ่อนกลั่น', '2025-10-12 10:03:34'),
(77, 44, 2, 16, 2, 'นาย ธนกรณ์ อ่อนกลั่น', NULL, 'borrow', '2025-10-12 17:03:34', 'อนุมัติโดย: นาย ธนกรณ์ อ่อนกลั่น', '2025-10-12 10:03:34'),
(78, 45, 2, 16, 2, 'นาย ธนกรณ์ อ่อนกลั่น', NULL, 'borrow', '2025-10-12 17:03:34', 'อนุมัติโดย: นาย ธนกรณ์ อ่อนกลั่น', '2025-10-12 10:03:34'),
(79, 46, 2, 16, 2, 'นาย ธนกรณ์ อ่อนกลั่น', NULL, 'borrow', '2025-10-12 17:03:34', 'อนุมัติโดย: นาย ธนกรณ์ อ่อนกลั่น', '2025-10-12 10:03:34'),
(80, 47, 2, 1, 2, 'นาย ธนกรณ์ อ่อนกลั่น', NULL, 'borrow', '2025-10-12 18:46:32', 'อนุมัติโดย: นาย ธนกรณ์ อ่อนกลั่น', '2025-10-12 11:46:32'),
(81, 48, 2, 1, 2, 'นาย ธนกรณ์ อ่อนกลั่น', NULL, 'borrow', '2025-10-12 18:46:32', 'อนุมัติโดย: นาย ธนกรณ์ อ่อนกลั่น', '2025-10-12 11:46:32'),
(82, 49, 2, 1, 2, 'นาย ธนกรณ์ อ่อนกลั่น', NULL, 'borrow', '2025-10-12 18:46:32', 'อนุมัติโดย: นาย ธนกรณ์ อ่อนกลั่น', '2025-10-12 11:46:32'),
(83, 50, 2, 1, 2, 'นาย ธนกรณ์ อ่อนกลั่น', NULL, 'borrow', '2025-10-12 18:46:32', 'อนุมัติโดย: นาย ธนกรณ์ อ่อนกลั่น', '2025-10-12 11:46:32'),
(84, 51, 2, 1, 2, 'นาย ธนกรณ์ อ่อนกลั่น', NULL, 'borrow', '2025-10-12 18:46:32', 'อนุมัติโดย: นาย ธนกรณ์ อ่อนกลั่น', '2025-10-12 11:46:32'),
(85, 52, 2, 2, 2, 'นาย ธนกรณ์ อ่อนกลั่น', NULL, 'borrow', '2025-10-12 18:46:32', 'อนุมัติโดย: นาย ธนกรณ์ อ่อนกลั่น', '2025-10-12 11:46:32'),
(86, 53, 2, 2, 2, 'นาย ธนกรณ์ อ่อนกลั่น', NULL, 'borrow', '2025-10-12 18:46:32', 'อนุมัติโดย: นาย ธนกรณ์ อ่อนกลั่น', '2025-10-12 11:46:32'),
(87, 54, 2, 2, 2, 'นาย ธนกรณ์ อ่อนกลั่น', NULL, 'borrow', '2025-10-12 18:46:32', 'อนุมัติโดย: นาย ธนกรณ์ อ่อนกลั่น', '2025-10-12 11:46:32'),
(88, 55, 2, 2, 2, 'นาย ธนกรณ์ อ่อนกลั่น', NULL, 'borrow', '2025-10-12 18:46:32', 'อนุมัติโดย: นาย ธนกรณ์ อ่อนกลั่น', '2025-10-12 11:46:32'),
(89, 56, 2, 2, 2, 'นาย ธนกรณ์ อ่อนกลั่น', NULL, 'borrow', '2025-10-12 18:46:32', 'อนุมัติโดย: นาย ธนกรณ์ อ่อนกลั่น', '2025-10-12 11:46:32'),
(90, 57, 2, 3, 2, 'นาย ธนกรณ์ อ่อนกลั่น', NULL, 'borrow', '2025-10-12 18:46:32', 'อนุมัติโดย: นาย ธนกรณ์ อ่อนกลั่น', '2025-10-12 11:46:32'),
(91, 58, 2, 3, 2, 'นาย ธนกรณ์ อ่อนกลั่น', NULL, 'borrow', '2025-10-12 18:46:32', 'อนุมัติโดย: นาย ธนกรณ์ อ่อนกลั่น', '2025-10-12 11:46:32'),
(92, 59, 2, 3, 2, 'นาย ธนกรณ์ อ่อนกลั่น', NULL, 'borrow', '2025-10-12 18:46:32', 'อนุมัติโดย: นาย ธนกรณ์ อ่อนกลั่น', '2025-10-12 11:46:32'),
(93, 60, 2, 3, 2, 'นาย ธนกรณ์ อ่อนกลั่น', NULL, 'borrow', '2025-10-12 18:46:32', 'อนุมัติโดย: นาย ธนกรณ์ อ่อนกลั่น', '2025-10-12 11:46:32'),
(94, 61, 2, 3, 2, 'นาย ธนกรณ์ อ่อนกลั่น', NULL, 'borrow', '2025-10-12 18:46:32', 'อนุมัติโดย: นาย ธนกรณ์ อ่อนกลั่น', '2025-10-12 11:46:32'),
(95, 62, 2, 4, 2, 'นาย ธนกรณ์ อ่อนกลั่น', NULL, 'borrow', '2025-10-12 18:46:32', 'อนุมัติโดย: นาย ธนกรณ์ อ่อนกลั่น', '2025-10-12 11:46:32'),
(96, 63, 2, 4, 2, 'นาย ธนกรณ์ อ่อนกลั่น', NULL, 'borrow', '2025-10-12 18:46:32', 'อนุมัติโดย: นาย ธนกรณ์ อ่อนกลั่น', '2025-10-12 11:46:32'),
(97, 64, 2, 4, 2, 'นาย ธนกรณ์ อ่อนกลั่น', NULL, 'borrow', '2025-10-12 18:46:32', 'อนุมัติโดย: นาย ธนกรณ์ อ่อนกลั่น', '2025-10-12 11:46:32'),
(98, 65, 2, 4, 2, 'นาย ธนกรณ์ อ่อนกลั่น', NULL, 'borrow', '2025-10-12 18:46:32', 'อนุมัติโดย: นาย ธนกรณ์ อ่อนกลั่น', '2025-10-12 11:46:32'),
(99, 66, 2, 4, 2, 'นาย ธนกรณ์ อ่อนกลั่น', NULL, 'borrow', '2025-10-12 18:46:32', 'อนุมัติโดย: นาย ธนกรณ์ อ่อนกลั่น', '2025-10-12 11:46:32'),
(100, 67, 2, 5, 2, 'นาย ธนกรณ์ อ่อนกลั่น', NULL, 'borrow', '2025-10-12 18:46:32', 'อนุมัติโดย: นาย ธนกรณ์ อ่อนกลั่น', '2025-10-12 11:46:32'),
(101, 68, 2, 5, 2, 'นาย ธนกรณ์ อ่อนกลั่น', NULL, 'borrow', '2025-10-12 18:46:32', 'อนุมัติโดย: นาย ธนกรณ์ อ่อนกลั่น', '2025-10-12 11:46:32'),
(102, 69, 2, 5, 2, 'นาย ธนกรณ์ อ่อนกลั่น', NULL, 'borrow', '2025-10-12 18:46:32', 'อนุมัติโดย: นาย ธนกรณ์ อ่อนกลั่น', '2025-10-12 11:46:32'),
(103, 70, 2, 5, 2, 'นาย ธนกรณ์ อ่อนกลั่น', NULL, 'borrow', '2025-10-12 18:46:32', 'อนุมัติโดย: นาย ธนกรณ์ อ่อนกลั่น', '2025-10-12 11:46:32'),
(104, 71, 2, 5, 2, 'นาย ธนกรณ์ อ่อนกลั่น', NULL, 'borrow', '2025-10-12 18:46:32', 'อนุมัติโดย: นาย ธนกรณ์ อ่อนกลั่น', '2025-10-12 11:46:32'),
(105, 47, 2, 1, 2, 'นาย ธนกรณ์ อ่อนกลั่น', NULL, 'return', '2025-10-12 18:53:51', 'คืนปกติ', '2025-10-12 11:53:51'),
(106, 48, 2, 1, 2, 'นาย ธนกรณ์ อ่อนกลั่น', NULL, 'return', '2025-10-12 18:53:51', 'คืนปกติ', '2025-10-12 11:53:51'),
(107, 49, 2, 1, 2, 'นาย ธนกรณ์ อ่อนกลั่น', NULL, 'return', '2025-10-12 18:53:51', 'คืนปกติ', '2025-10-12 11:53:51'),
(108, 50, 2, 1, 2, 'นาย ธนกรณ์ อ่อนกลั่น', NULL, 'return', '2025-10-12 18:53:51', 'คืนปกติ', '2025-10-12 11:53:51'),
(109, 51, 2, 1, 2, 'นาย ธนกรณ์ อ่อนกลั่น', NULL, 'return', '2025-10-12 18:53:51', 'คืนปกติ', '2025-10-12 11:53:51'),
(110, 67, 2, 5, 2, 'นาย ธนกรณ์ อ่อนกลั่น', NULL, 'return', '2025-10-12 18:53:51', 'คืนปกติ', '2025-10-12 11:53:51'),
(111, 68, 2, 5, 2, 'นาย ธนกรณ์ อ่อนกลั่น', NULL, 'return', '2025-10-12 18:53:51', 'คืนปกติ', '2025-10-12 11:53:51'),
(112, 69, 2, 5, 2, 'นาย ธนกรณ์ อ่อนกลั่น', NULL, 'return', '2025-10-12 18:53:51', 'คืนปกติ', '2025-10-12 11:53:51'),
(113, 70, 2, 5, 2, 'นาย ธนกรณ์ อ่อนกลั่น', NULL, 'return', '2025-10-12 18:53:51', 'คืนปกติ', '2025-10-12 11:53:51'),
(114, 71, 2, 5, 2, 'นาย ธนกรณ์ อ่อนกลั่น', NULL, 'return', '2025-10-12 18:53:51', 'คืนปกติ', '2025-10-12 11:53:51'),
(115, 57, 2, 3, 2, 'นาย ธนกรณ์ อ่อนกลั่น', NULL, 'return', '2025-10-12 18:53:51', 'คืนปกติ', '2025-10-12 11:53:51'),
(116, 58, 2, 3, 2, 'นาย ธนกรณ์ อ่อนกลั่น', NULL, 'return', '2025-10-12 18:53:51', 'คืนปกติ', '2025-10-12 11:53:51'),
(117, 59, 2, 3, 2, 'นาย ธนกรณ์ อ่อนกลั่น', NULL, 'return', '2025-10-12 18:53:51', 'คืนปกติ', '2025-10-12 11:53:51'),
(118, 60, 2, 3, 2, 'นาย ธนกรณ์ อ่อนกลั่น', NULL, 'return', '2025-10-12 18:53:51', 'คืนปกติ', '2025-10-12 11:53:51'),
(119, 61, 2, 3, 2, 'นาย ธนกรณ์ อ่อนกลั่น', NULL, 'return', '2025-10-12 18:53:51', 'คืนปกติ', '2025-10-12 11:53:51'),
(120, 62, 2, 4, 2, 'นาย ธนกรณ์ อ่อนกลั่น', NULL, 'return', '2025-10-12 18:53:51', 'คืนปกติ', '2025-10-12 11:53:51'),
(121, 63, 2, 4, 2, 'นาย ธนกรณ์ อ่อนกลั่น', NULL, 'return', '2025-10-12 18:53:51', 'คืนปกติ', '2025-10-12 11:53:51'),
(122, 64, 2, 4, 2, 'นาย ธนกรณ์ อ่อนกลั่น', NULL, 'return', '2025-10-12 18:53:51', 'คืนปกติ', '2025-10-12 11:53:51'),
(123, 65, 2, 4, 2, 'นาย ธนกรณ์ อ่อนกลั่น', NULL, 'return', '2025-10-12 18:53:51', 'คืนปกติ', '2025-10-12 11:53:51'),
(124, 66, 2, 4, 2, 'นาย ธนกรณ์ อ่อนกลั่น', NULL, 'return', '2025-10-12 18:53:51', 'คืนปกติ', '2025-10-12 11:53:51'),
(125, 52, 2, 2, 2, 'นาย ธนกรณ์ อ่อนกลั่น', NULL, 'return', '2025-10-12 18:53:51', 'คืนปกติ', '2025-10-12 11:53:51'),
(126, 53, 2, 2, 2, 'นาย ธนกรณ์ อ่อนกลั่น', NULL, 'return', '2025-10-12 18:53:51', 'คืนปกติ', '2025-10-12 11:53:51'),
(127, 54, 2, 2, 2, 'นาย ธนกรณ์ อ่อนกลั่น', NULL, 'return', '2025-10-12 18:53:51', 'คืนปกติ', '2025-10-12 11:53:51'),
(128, 55, 2, 2, 2, 'นาย ธนกรณ์ อ่อนกลั่น', NULL, 'return', '2025-10-12 18:53:51', 'คืนปกติ', '2025-10-12 11:53:51'),
(129, 56, 2, 2, 2, 'นาย ธนกรณ์ อ่อนกลั่น', NULL, 'return', '2025-10-12 18:53:51', 'คืนปกติ', '2025-10-12 11:53:51'),
(130, 34, 2, 16, 2, 'นาย ธนกรณ์ อ่อนกลั่น', NULL, 'return', '2025-10-12 18:53:51', 'คืนปกติ - ทำตก', '2025-10-12 11:53:51'),
(131, 35, 2, 16, 2, 'นาย ธนกรณ์ อ่อนกลั่น', NULL, 'return', '2025-10-12 18:53:51', 'คืนปกติ - ทำตก', '2025-10-12 11:53:51'),
(132, 36, 2, 16, 2, 'นาย ธนกรณ์ อ่อนกลั่น', NULL, 'return', '2025-10-12 18:53:51', 'คืนปกติ - ทำตก', '2025-10-12 11:53:51'),
(133, 37, 2, 16, 2, 'นาย ธนกรณ์ อ่อนกลั่น', NULL, 'return', '2025-10-12 18:53:51', 'คืนปกติ - ทำตก', '2025-10-12 11:53:51'),
(134, 38, 2, 16, 2, 'นาย ธนกรณ์ อ่อนกลั่น', NULL, 'return', '2025-10-12 18:53:51', 'คืนปกติ - ทำตก', '2025-10-12 11:53:51'),
(135, 39, 2, 16, 2, 'นาย ธนกรณ์ อ่อนกลั่น', NULL, 'return', '2025-10-12 18:53:51', 'คืนปกติ - ทำตก', '2025-10-12 11:53:51'),
(136, 40, 2, 16, 2, 'นาย ธนกรณ์ อ่อนกลั่น', NULL, 'return', '2025-10-12 18:53:51', 'คืนปกติ - ทำตก', '2025-10-12 11:53:51'),
(137, 41, 2, 16, 2, 'นาย ธนกรณ์ อ่อนกลั่น', NULL, 'return', '2025-10-12 18:53:51', 'คืนปกติ - ทำตก', '2025-10-12 11:53:51'),
(138, 42, 2, 16, 2, 'นาย ธนกรณ์ อ่อนกลั่น', NULL, 'return', '2025-10-12 18:53:51', 'คืนชำรุด/เสียหาย - ทำตก', '2025-10-12 11:53:51'),
(139, 43, 2, 16, 2, 'นาย ธนกรณ์ อ่อนกลั่น', NULL, 'return', '2025-10-12 18:53:51', 'คืนชำรุด/เสียหาย - ทำตก', '2025-10-12 11:53:51'),
(140, 44, 2, 16, 2, 'นาย ธนกรณ์ อ่อนกลั่น', NULL, 'return', '2025-10-12 18:53:51', 'คืนชำรุด/เสียหาย - ทำตก', '2025-10-12 11:53:51'),
(141, 45, 2, 16, 2, 'นาย ธนกรณ์ อ่อนกลั่น', NULL, 'return', '2025-10-12 18:53:51', 'คืนชำรุด/เสียหาย - ทำตก', '2025-10-12 11:53:51'),
(142, 46, 2, 16, 2, 'นาย ธนกรณ์ อ่อนกลั่น', NULL, 'return', '2025-10-12 18:53:51', 'คืนชำรุด/เสียหาย - ทำตก', '2025-10-12 11:53:51'),
(143, 72, 2, 1, 2, 'นาย ธนกรณ์ อ่อนกลั่น', NULL, 'borrow', '2025-10-16 20:18:29', 'อนุมัติโดย: นาย ธนกรณ์ อ่อนกลั่น', '2025-10-16 13:18:29'),
(144, 73, 2, 3, 2, 'นาย ธนกรณ์ อ่อนกลั่น', NULL, 'borrow', '2025-10-16 20:18:29', 'อนุมัติโดย: นาย ธนกรณ์ อ่อนกลั่น', '2025-10-16 13:18:29'),
(145, 74, 2, 2, 2, 'นาย ธนกรณ์ อ่อนกลั่น', NULL, 'borrow', '2025-10-16 20:18:29', 'อนุมัติโดย: นาย ธนกรณ์ อ่อนกลั่น', '2025-10-16 13:18:29'),
(146, 75, 2, 4, 2, 'นาย ธนกรณ์ อ่อนกลั่น', NULL, 'borrow', '2025-10-16 20:18:29', 'อนุมัติโดย: นาย ธนกรณ์ อ่อนกลั่น', '2025-10-16 13:18:29'),
(147, 76, 2, 1, 2, 'นาย ธนกรณ์ อ่อนกลั่น', NULL, 'borrow', '2025-10-16 20:19:24', 'อนุมัติโดย: นาย ธนกรณ์ อ่อนกลั่น', '2025-10-16 13:19:24'),
(148, 77, 2, 5, 2, 'นาย ธนกรณ์ อ่อนกลั่น', NULL, 'borrow', '2025-10-16 20:19:24', 'อนุมัติโดย: นาย ธนกรณ์ อ่อนกลั่น', '2025-10-16 13:19:24'),
(149, 78, 2, 9, 2, 'นาย ธนกรณ์ อ่อนกลั่น', NULL, 'borrow', '2025-10-16 20:19:24', 'อนุมัติโดย: นาย ธนกรณ์ อ่อนกลั่น', '2025-10-16 13:19:24'),
(150, 79, 2, 4, 2, 'นาย ธนกรณ์ อ่อนกลั่น', NULL, 'borrow', '2025-10-16 20:19:24', 'อนุมัติโดย: นาย ธนกรณ์ อ่อนกลั่น', '2025-10-16 13:19:24'),
(151, 80, 2, 2, 2, 'นาย ธนกรณ์ อ่อนกลั่น', NULL, 'borrow', '2025-10-16 20:19:24', 'อนุมัติโดย: นาย ธนกรณ์ อ่อนกลั่น', '2025-10-16 13:19:24'),
(152, 81, 2, 3, 2, 'นาย ธนกรณ์ อ่อนกลั่น', NULL, 'borrow', '2025-10-16 20:19:24', 'อนุมัติโดย: นาย ธนกรณ์ อ่อนกลั่น', '2025-10-16 13:19:24'),
(153, 82, 2, 6, 2, 'นาย ธนกรณ์ อ่อนกลั่น', NULL, 'borrow', '2025-10-16 20:19:24', 'อนุมัติโดย: นาย ธนกรณ์ อ่อนกลั่น', '2025-10-16 13:19:24'),
(154, 83, 2, 7, 2, 'นาย ธนกรณ์ อ่อนกลั่น', NULL, 'borrow', '2025-10-16 20:19:24', 'อนุมัติโดย: นาย ธนกรณ์ อ่อนกลั่น', '2025-10-16 13:19:24'),
(155, 84, 2, 16, 2, 'นาย ธนกรณ์ อ่อนกลั่น', NULL, 'borrow', '2025-10-16 20:42:39', 'อนุมัติโดย: นาย ธนกรณ์ อ่อนกลั่น', '2025-10-16 13:42:39'),
(156, 85, 2, 16, 2, 'นาย ธนกรณ์ อ่อนกลั่น', NULL, 'borrow', '2025-10-16 20:42:39', 'อนุมัติโดย: นาย ธนกรณ์ อ่อนกลั่น', '2025-10-16 13:42:39'),
(157, 86, 2, 16, 2, 'นาย ธนกรณ์ อ่อนกลั่น', NULL, 'borrow', '2025-10-16 20:42:39', 'อนุมัติโดย: นาย ธนกรณ์ อ่อนกลั่น', '2025-10-16 13:42:39'),
(158, 87, 2, 16, 2, 'นาย ธนกรณ์ อ่อนกลั่น', NULL, 'borrow', '2025-10-16 20:42:39', 'อนุมัติโดย: นาย ธนกรณ์ อ่อนกลั่น', '2025-10-16 13:42:39'),
(159, 88, 2, 16, 2, 'นาย ธนกรณ์ อ่อนกลั่น', NULL, 'borrow', '2025-10-16 20:42:39', 'อนุมัติโดย: นาย ธนกรณ์ อ่อนกลั่น', '2025-10-16 13:42:39'),
(160, 89, 2, 16, 2, 'นาย ธนกรณ์ อ่อนกลั่น', NULL, 'borrow', '2025-10-16 20:42:39', 'อนุมัติโดย: นาย ธนกรณ์ อ่อนกลั่น', '2025-10-16 13:42:39'),
(161, 90, 2, 16, 2, 'นาย ธนกรณ์ อ่อนกลั่น', NULL, 'borrow', '2025-10-16 20:42:39', 'อนุมัติโดย: นาย ธนกรณ์ อ่อนกลั่น', '2025-10-16 13:42:39'),
(162, 72, 2, 1, 2, 'นาย ธนกรณ์ อ่อนกลั่น', NULL, 'return', '2025-10-16 20:44:16', 'คืนปกติ', '2025-10-16 13:44:16'),
(163, 76, 2, 1, 2, 'นาย ธนกรณ์ อ่อนกลั่น', NULL, 'return', '2025-10-16 20:44:16', 'คืนปกติ', '2025-10-16 13:44:16'),
(164, 77, 2, 5, 2, 'นาย ธนกรณ์ อ่อนกลั่น', NULL, 'return', '2025-10-16 20:44:16', 'คืนปกติ', '2025-10-16 13:44:16'),
(165, 73, 2, 3, 2, 'นาย ธนกรณ์ อ่อนกลั่น', NULL, 'return', '2025-10-16 20:44:16', 'คืนปกติ', '2025-10-16 13:44:16'),
(166, 81, 2, 3, 2, 'นาย ธนกรณ์ อ่อนกลั่น', NULL, 'return', '2025-10-16 20:44:16', 'คืนปกติ', '2025-10-16 13:44:16'),
(167, 75, 2, 4, 2, 'นาย ธนกรณ์ อ่อนกลั่น', NULL, 'return', '2025-10-16 20:44:16', 'คืนปกติ', '2025-10-16 13:44:16'),
(168, 79, 2, 4, 2, 'นาย ธนกรณ์ อ่อนกลั่น', NULL, 'return', '2025-10-16 20:44:16', 'คืนปกติ', '2025-10-16 13:44:16'),
(169, 83, 2, 7, 2, 'นาย ธนกรณ์ อ่อนกลั่น', NULL, 'return', '2025-10-16 20:44:16', 'คืนปกติ', '2025-10-16 13:44:16'),
(170, 74, 2, 2, 2, 'นาย ธนกรณ์ อ่อนกลั่น', NULL, 'return', '2025-10-16 20:44:16', 'คืนปกติ', '2025-10-16 13:44:16'),
(171, 80, 2, 2, 2, 'นาย ธนกรณ์ อ่อนกลั่น', NULL, 'return', '2025-10-16 20:44:16', 'คืนปกติ', '2025-10-16 13:44:16'),
(172, 78, 2, 9, 2, 'นาย ธนกรณ์ อ่อนกลั่น', NULL, 'return', '2025-10-16 20:44:16', 'คืนปกติ', '2025-10-16 13:44:16'),
(173, 82, 2, 6, 2, 'นาย ธนกรณ์ อ่อนกลั่น', NULL, 'return', '2025-10-16 20:44:16', 'คืนปกติ', '2025-10-16 13:44:16'),
(174, 84, 2, 16, 2, 'นาย ธนกรณ์ อ่อนกลั่น', NULL, 'return', '2025-10-16 20:44:16', 'คืนปกติ', '2025-10-16 13:44:16'),
(175, 85, 2, 16, 2, 'นาย ธนกรณ์ อ่อนกลั่น', NULL, 'return', '2025-10-16 20:44:16', 'คืนปกติ', '2025-10-16 13:44:16'),
(176, 86, 2, 16, 2, 'นาย ธนกรณ์ อ่อนกลั่น', NULL, 'return', '2025-10-16 20:44:16', 'คืนปกติ', '2025-10-16 13:44:16'),
(177, 87, 2, 16, 2, 'นาย ธนกรณ์ อ่อนกลั่น', NULL, 'return', '2025-10-16 20:44:16', 'คืนปกติ', '2025-10-16 13:44:16'),
(178, 88, 2, 16, 2, 'นาย ธนกรณ์ อ่อนกลั่น', NULL, 'return', '2025-10-16 20:44:16', 'คืนปกติ', '2025-10-16 13:44:16'),
(179, 89, 2, 16, 2, 'นาย ธนกรณ์ อ่อนกลั่น', NULL, 'return', '2025-10-16 20:44:16', 'คืนปกติ', '2025-10-16 13:44:16'),
(180, 90, 2, 16, 2, 'นาย ธนกรณ์ อ่อนกลั่น', NULL, 'return', '2025-10-16 20:44:16', 'คืนปกติ', '2025-10-16 13:44:16'),
(181, 91, 2, 1, 2, 'นาย ธนกรณ์ อ่อนกลั่น', NULL, 'borrow', '2025-10-16 20:57:33', 'อนุมัติโดย: นาย ธนกรณ์ อ่อนกลั่น', '2025-10-16 13:57:33'),
(182, 92, 2, 2, 2, 'นาย ธนกรณ์ อ่อนกลั่น', NULL, 'borrow', '2025-10-16 20:57:33', 'อนุมัติโดย: นาย ธนกรณ์ อ่อนกลั่น', '2025-10-16 13:57:33'),
(183, 93, 2, 3, 2, 'นาย ธนกรณ์ อ่อนกลั่น', NULL, 'borrow', '2025-10-16 20:57:33', 'อนุมัติโดย: นาย ธนกรณ์ อ่อนกลั่น', '2025-10-16 13:57:33'),
(184, 94, 2, 5, 2, 'นาย ธนกรณ์ อ่อนกลั่น', NULL, 'borrow', '2025-10-16 20:57:33', 'อนุมัติโดย: นาย ธนกรณ์ อ่อนกลั่น', '2025-10-16 13:57:33'),
(185, 95, 2, 4, 2, 'นาย ธนกรณ์ อ่อนกลั่น', NULL, 'borrow', '2025-10-16 20:57:33', 'อนุมัติโดย: นาย ธนกรณ์ อ่อนกลั่น', '2025-10-16 13:57:33'),
(186, 96, 2, 1, 2, 'นาย ธนกรณ์ อ่อนกลั่น', NULL, 'borrow', '2025-10-16 20:58:22', 'อนุมัติโดย: นาย ธนกรณ์ อ่อนกลั่น', '2025-10-16 13:58:22'),
(187, 97, 2, 2, 2, 'นาย ธนกรณ์ อ่อนกลั่น', NULL, 'borrow', '2025-10-16 20:58:22', 'อนุมัติโดย: นาย ธนกรณ์ อ่อนกลั่น', '2025-10-16 13:58:22'),
(188, 98, 2, 3, 2, 'นาย ธนกรณ์ อ่อนกลั่น', NULL, 'borrow', '2025-10-16 20:58:22', 'อนุมัติโดย: นาย ธนกรณ์ อ่อนกลั่น', '2025-10-16 13:58:22'),
(189, 99, 2, 1, 2, 'นาย ธนกรณ์ อ่อนกลั่น', NULL, 'borrow', '2025-10-16 23:18:32', 'อนุมัติโดย: นาย ธนกรณ์ อ่อนกลั่น', '2025-10-16 16:18:32'),
(190, 100, 2, 2, 2, 'นาย ธนกรณ์ อ่อนกลั่น', NULL, 'borrow', '2025-10-16 23:18:32', 'อนุมัติโดย: นาย ธนกรณ์ อ่อนกลั่น', '2025-10-16 16:18:32'),
(191, 101, 2, 3, 2, 'นาย ธนกรณ์ อ่อนกลั่น', NULL, 'borrow', '2025-10-16 23:18:32', 'อนุมัติโดย: นาย ธนกรณ์ อ่อนกลั่น', '2025-10-16 16:18:32'),
(192, 102, 2, 8, 2, 'นาย ธนกรณ์ อ่อนกลั่น', NULL, 'borrow', '2025-10-16 23:18:32', 'อนุมัติโดย: นาย ธนกรณ์ อ่อนกลั่น', '2025-10-16 16:18:32'),
(193, 103, 2, 4, 2, 'นาย ธนกรณ์ อ่อนกลั่น', NULL, 'borrow', '2025-10-16 23:18:32', 'อนุมัติโดย: นาย ธนกรณ์ อ่อนกลั่น', '2025-10-16 16:18:32'),
(194, 104, 2, 1, 2, 'นาย ธนกรณ์ อ่อนกลั่น', NULL, 'borrow', '2025-10-17 11:57:29', 'อนุมัติโดย: นาย ธนกรณ์ อ่อนกลั่น', '2025-10-17 04:57:29'),
(195, 105, 2, 2, 2, 'นาย ธนกรณ์ อ่อนกลั่น', NULL, 'borrow', '2025-10-17 11:57:29', 'อนุมัติโดย: นาย ธนกรณ์ อ่อนกลั่น', '2025-10-17 04:57:29'),
(196, 106, 2, 3, 2, 'นาย ธนกรณ์ อ่อนกลั่น', NULL, 'borrow', '2025-10-17 11:57:29', 'อนุมัติโดย: นาย ธนกรณ์ อ่อนกลั่น', '2025-10-17 04:57:29'),
(197, 107, 2, 3, 2, 'นาย ธนกรณ์ อ่อนกลั่น', NULL, 'borrow', '2025-10-17 11:57:29', 'อนุมัติโดย: นาย ธนกรณ์ อ่อนกลั่น', '2025-10-17 04:57:29'),
(198, 108, 2, 3, 2, 'นาย ธนกรณ์ อ่อนกลั่น', NULL, 'borrow', '2025-10-17 11:57:29', 'อนุมัติโดย: นาย ธนกรณ์ อ่อนกลั่น', '2025-10-17 04:57:29'),
(199, 109, 2, 3, 2, 'นาย ธนกรณ์ อ่อนกลั่น', NULL, 'borrow', '2025-10-17 11:57:29', 'อนุมัติโดย: นาย ธนกรณ์ อ่อนกลั่น', '2025-10-17 04:57:29'),
(200, 110, 2, 3, 2, 'นาย ธนกรณ์ อ่อนกลั่น', NULL, 'borrow', '2025-10-17 11:57:29', 'อนุมัติโดย: นาย ธนกรณ์ อ่อนกลั่น', '2025-10-17 04:57:29'),
(201, 111, 2, 3, 2, 'นาย ธนกรณ์ อ่อนกลั่น', NULL, 'borrow', '2025-10-17 11:57:29', 'อนุมัติโดย: นาย ธนกรณ์ อ่อนกลั่น', '2025-10-17 04:57:29'),
(202, 112, 2, 4, 2, 'นาย ธนกรณ์ อ่อนกลั่น', NULL, 'borrow', '2025-10-17 11:57:29', 'อนุมัติโดย: นาย ธนกรณ์ อ่อนกลั่น', '2025-10-17 04:57:29'),
(203, 113, 2, 5, 2, 'นาย ธนกรณ์ อ่อนกลั่น', NULL, 'borrow', '2025-10-17 11:57:29', 'อนุมัติโดย: นาย ธนกรณ์ อ่อนกลั่น', '2025-10-17 04:57:29'),
(204, 114, 2, 10, 2, 'นาย ธนกรณ์ อ่อนกลั่น', NULL, 'borrow', '2025-10-17 11:57:29', 'อนุมัติโดย: นาย ธนกรณ์ อ่อนกลั่น', '2025-10-17 04:57:29'),
(205, 115, 2, 9, 2, 'นาย ธนกรณ์ อ่อนกลั่น', NULL, 'borrow', '2025-10-17 11:57:29', 'อนุมัติโดย: นาย ธนกรณ์ อ่อนกลั่น', '2025-10-17 04:57:29'),
(206, 116, 2, 16, 2, 'นาย ธนกรณ์ อ่อนกลั่น', NULL, 'borrow', '2025-10-17 12:01:18', 'อนุมัติโดย: นาย ธนกรณ์ อ่อนกลั่น', '2025-10-17 05:01:18'),
(207, 117, 2, 11, 2, 'นาย ธนกรณ์ อ่อนกลั่น', NULL, 'borrow', '2025-10-17 12:01:18', 'อนุมัติโดย: นาย ธนกรณ์ อ่อนกลั่น', '2025-10-17 05:01:18'),
(208, 118, 2, 12, 2, 'นาย ธนกรณ์ อ่อนกลั่น', NULL, 'borrow', '2025-10-17 12:01:18', 'อนุมัติโดย: นาย ธนกรณ์ อ่อนกลั่น', '2025-10-17 05:01:18'),
(209, 119, 2, 14, 2, 'นาย ธนกรณ์ อ่อนกลั่น', NULL, 'borrow', '2025-10-17 12:01:18', 'อนุมัติโดย: นาย ธนกรณ์ อ่อนกลั่น', '2025-10-17 05:01:18'),
(210, 120, 2, 15, 2, 'นาย ธนกรณ์ อ่อนกลั่น', NULL, 'borrow', '2025-10-17 12:01:18', 'อนุมัติโดย: นาย ธนกรณ์ อ่อนกลั่น', '2025-10-17 05:01:18'),
(211, 121, 2, 10, 2, 'นาย ธนกรณ์ อ่อนกลั่น', NULL, 'borrow', '2025-10-17 12:01:18', 'อนุมัติโดย: นาย ธนกรณ์ อ่อนกลั่น', '2025-10-17 05:01:18'),
(212, 122, 2, 9, 2, 'นาย ธนกรณ์ อ่อนกลั่น', NULL, 'borrow', '2025-10-17 12:01:18', 'อนุมัติโดย: นาย ธนกรณ์ อ่อนกลั่น', '2025-10-17 05:01:18'),
(213, 123, 2, 8, 2, 'นาย ธนกรณ์ อ่อนกลั่น', NULL, 'borrow', '2025-10-17 12:01:18', 'อนุมัติโดย: นาย ธนกรณ์ อ่อนกลั่น', '2025-10-17 05:01:18'),
(214, 124, 2, 7, 2, 'นาย ธนกรณ์ อ่อนกลั่น', NULL, 'borrow', '2025-10-17 12:01:18', 'อนุมัติโดย: นาย ธนกรณ์ อ่อนกลั่น', '2025-10-17 05:01:18'),
(215, 125, 2, 6, 2, 'นาย ธนกรณ์ อ่อนกลั่น', NULL, 'borrow', '2025-10-17 12:01:18', 'อนุมัติโดย: นาย ธนกรณ์ อ่อนกลั่น', '2025-10-17 05:01:18'),
(216, 126, 2, 13, 2, 'นาย ธนกรณ์ อ่อนกลั่น', NULL, 'borrow', '2025-10-17 12:01:18', 'อนุมัติโดย: นาย ธนกรณ์ อ่อนกลั่น', '2025-10-17 05:01:18'),
(217, 127, 2, 5, 2, 'นาย ธนกรณ์ อ่อนกลั่น', NULL, 'borrow', '2025-10-17 12:01:18', 'อนุมัติโดย: นาย ธนกรณ์ อ่อนกลั่น', '2025-10-17 05:01:18'),
(218, 128, 2, 4, 2, 'นาย ธนกรณ์ อ่อนกลั่น', NULL, 'borrow', '2025-10-17 12:01:18', 'อนุมัติโดย: นาย ธนกรณ์ อ่อนกลั่น', '2025-10-17 05:01:18'),
(219, 129, 2, 2, 2, 'นาย ธนกรณ์ อ่อนกลั่น', NULL, 'borrow', '2025-10-17 12:01:18', 'อนุมัติโดย: นาย ธนกรณ์ อ่อนกลั่น', '2025-10-17 05:01:18'),
(220, 130, 2, 1, 2, 'นาย ธนกรณ์ อ่อนกลั่น', NULL, 'borrow', '2025-10-17 12:01:18', 'อนุมัติโดย: นาย ธนกรณ์ อ่อนกลั่น', '2025-10-17 05:01:18'),
(221, 91, 2, 1, 2, 'นาย ธนกรณ์ อ่อนกลั่น', NULL, 'return', '2025-10-17 12:01:47', 'คืนปกติ', '2025-10-17 05:01:47'),
(222, 94, 2, 5, 2, 'นาย ธนกรณ์ อ่อนกลั่น', NULL, 'return', '2025-10-17 12:01:47', 'คืนปกติ', '2025-10-17 05:01:47'),
(223, 93, 2, 3, 2, 'นาย ธนกรณ์ อ่อนกลั่น', NULL, 'return', '2025-10-17 12:01:47', 'คืนปกติ', '2025-10-17 05:01:47'),
(224, 95, 2, 4, 2, 'นาย ธนกรณ์ อ่อนกลั่น', NULL, 'return', '2025-10-17 12:01:47', 'คืนปกติ', '2025-10-17 05:01:47'),
(225, 92, 2, 2, 2, 'นาย ธนกรณ์ อ่อนกลั่น', NULL, 'return', '2025-10-17 12:01:47', 'คืนปกติ', '2025-10-17 05:01:47'),
(226, 96, 2, 1, 2, 'นาย ธนกรณ์ อ่อนกลั่น', NULL, 'return', '2025-10-17 12:01:53', 'คืนปกติ', '2025-10-17 05:01:53'),
(227, 98, 2, 3, 2, 'นาย ธนกรณ์ อ่อนกลั่น', NULL, 'return', '2025-10-17 12:01:53', 'คืนปกติ', '2025-10-17 05:01:53'),
(228, 97, 2, 2, 2, 'นาย ธนกรณ์ อ่อนกลั่น', NULL, 'return', '2025-10-17 12:01:53', 'คืนปกติ', '2025-10-17 05:01:53'),
(229, 99, 2, 1, 2, 'นาย ธนกรณ์ อ่อนกลั่น', NULL, 'return', '2025-10-17 12:02:00', 'คืนปกติ', '2025-10-17 05:02:00'),
(230, 101, 2, 3, 2, 'นาย ธนกรณ์ อ่อนกลั่น', NULL, 'return', '2025-10-17 12:02:00', 'คืนปกติ', '2025-10-17 05:02:00'),
(231, 102, 2, 8, 2, 'นาย ธนกรณ์ อ่อนกลั่น', NULL, 'return', '2025-10-17 12:02:00', 'คืนปกติ', '2025-10-17 05:02:00'),
(232, 103, 2, 4, 2, 'นาย ธนกรณ์ อ่อนกลั่น', NULL, 'return', '2025-10-17 12:02:00', 'คืนปกติ', '2025-10-17 05:02:00'),
(233, 100, 2, 2, 2, 'นาย ธนกรณ์ อ่อนกลั่น', NULL, 'return', '2025-10-17 12:02:00', 'คืนปกติ', '2025-10-17 05:02:00'),
(234, 119, 2, 14, 2, 'นาย ธนกรณ์ อ่อนกลั่น', NULL, 'return', '2025-10-17 12:02:21', 'คืนปกติ', '2025-10-17 05:02:21'),
(235, 130, 2, 1, 2, 'นาย ธนกรณ์ อ่อนกลั่น', NULL, 'return', '2025-10-17 12:02:21', 'คืนปกติ', '2025-10-17 05:02:21'),
(236, 120, 2, 15, 2, 'นาย ธนกรณ์ อ่อนกลั่น', NULL, 'return', '2025-10-17 12:02:21', 'คืนปกติ', '2025-10-17 05:02:21'),
(237, 117, 2, 11, 2, 'นาย ธนกรณ์ อ่อนกลั่น', NULL, 'return', '2025-10-17 12:02:21', 'คืนปกติ', '2025-10-17 05:02:21'),
(238, 127, 2, 5, 2, 'นาย ธนกรณ์ อ่อนกลั่น', NULL, 'return', '2025-10-17 12:02:21', 'คืนปกติ', '2025-10-17 05:02:21'),
(239, 121, 2, 10, 2, 'นาย ธนกรณ์ อ่อนกลั่น', NULL, 'return', '2025-10-17 12:02:21', 'คืนปกติ', '2025-10-17 05:02:21'),
(240, 123, 2, 8, 2, 'นาย ธนกรณ์ อ่อนกลั่น', NULL, 'return', '2025-10-17 12:02:21', 'คืนปกติ', '2025-10-17 05:02:21'),
(241, 128, 2, 4, 2, 'นาย ธนกรณ์ อ่อนกลั่น', NULL, 'return', '2025-10-17 12:02:21', 'คืนปกติ', '2025-10-17 05:02:21'),
(242, 124, 2, 7, 2, 'นาย ธนกรณ์ อ่อนกลั่น', NULL, 'return', '2025-10-17 12:02:21', 'คืนปกติ', '2025-10-17 05:02:21'),
(243, 129, 2, 2, 2, 'นาย ธนกรณ์ อ่อนกลั่น', NULL, 'return', '2025-10-17 12:02:21', 'คืนปกติ', '2025-10-17 05:02:21'),
(244, 126, 2, 13, 2, 'นาย ธนกรณ์ อ่อนกลั่น', NULL, 'return', '2025-10-17 12:02:21', 'คืนปกติ', '2025-10-17 05:02:21'),
(245, 118, 2, 12, 2, 'นาย ธนกรณ์ อ่อนกลั่น', NULL, 'return', '2025-10-17 12:02:21', 'คืนปกติ', '2025-10-17 05:02:21'),
(246, 122, 2, 9, 2, 'นาย ธนกรณ์ อ่อนกลั่น', NULL, 'return', '2025-10-17 12:02:21', 'คืนปกติ', '2025-10-17 05:02:21'),
(247, 125, 2, 6, 2, 'นาย ธนกรณ์ อ่อนกลั่น', NULL, 'return', '2025-10-17 12:02:21', 'คืนปกติ', '2025-10-17 05:02:21'),
(248, 116, 2, 16, 2, 'นาย ธนกรณ์ อ่อนกลั่น', NULL, 'return', '2025-10-17 12:02:21', 'คืนปกติ', '2025-10-17 05:02:21'),
(249, 104, 2, 1, 2, 'นาย ธนกรณ์ อ่อนกลั่น', NULL, 'return', '2025-10-17 12:02:32', 'คืนปกติ', '2025-10-17 05:02:32'),
(250, 113, 2, 5, 2, 'นาย ธนกรณ์ อ่อนกลั่น', NULL, 'return', '2025-10-17 12:02:32', 'คืนปกติ', '2025-10-17 05:02:32'),
(251, 106, 2, 3, 2, 'นาย ธนกรณ์ อ่อนกลั่น', NULL, 'return', '2025-10-17 12:02:32', 'คืนปกติ', '2025-10-17 05:02:32'),
(252, 107, 2, 3, 2, 'นาย ธนกรณ์ อ่อนกลั่น', NULL, 'return', '2025-10-17 12:02:32', 'คืนปกติ', '2025-10-17 05:02:32'),
(253, 108, 2, 3, 2, 'นาย ธนกรณ์ อ่อนกลั่น', NULL, 'return', '2025-10-17 12:02:32', 'คืนปกติ', '2025-10-17 05:02:32'),
(254, 109, 2, 3, 2, 'นาย ธนกรณ์ อ่อนกลั่น', NULL, 'return', '2025-10-17 12:02:32', 'คืนปกติ', '2025-10-17 05:02:32'),
(255, 110, 2, 3, 2, 'นาย ธนกรณ์ อ่อนกลั่น', NULL, 'return', '2025-10-17 12:02:32', 'คืนปกติ', '2025-10-17 05:02:32'),
(256, 111, 2, 3, 2, 'นาย ธนกรณ์ อ่อนกลั่น', NULL, 'return', '2025-10-17 12:02:32', 'คืนปกติ', '2025-10-17 05:02:32'),
(257, 114, 2, 10, 2, 'นาย ธนกรณ์ อ่อนกลั่น', NULL, 'return', '2025-10-17 12:02:32', 'คืนปกติ', '2025-10-17 05:02:32'),
(258, 112, 2, 4, 2, 'นาย ธนกรณ์ อ่อนกลั่น', NULL, 'return', '2025-10-17 12:02:32', 'คืนปกติ', '2025-10-17 05:02:32'),
(259, 105, 2, 2, 2, 'นาย ธนกรณ์ อ่อนกลั่น', NULL, 'return', '2025-10-17 12:02:32', 'คืนปกติ', '2025-10-17 05:02:32'),
(260, 115, 2, 9, 2, 'นาย ธนกรณ์ อ่อนกลั่น', NULL, 'return', '2025-10-17 12:02:32', 'คืนปกติ', '2025-10-17 05:02:32'),
(261, 131, 2, 2, 2, 'นาย ธนกรณ์ อ่อนกลั่น', NULL, 'borrow', '2025-10-17 12:02:36', 'อนุมัติโดย: นาย ธนกรณ์ อ่อนกลั่น', '2025-10-17 05:02:36'),
(262, 132, 2, 4, 2, 'นาย ธนกรณ์ อ่อนกลั่น', NULL, 'borrow', '2025-10-17 12:02:36', 'อนุมัติโดย: นาย ธนกรณ์ อ่อนกลั่น', '2025-10-17 05:02:36'),
(263, 133, 2, 5, 2, 'นาย ธนกรณ์ อ่อนกลั่น', NULL, 'borrow', '2025-10-17 12:02:36', 'อนุมัติโดย: นาย ธนกรณ์ อ่อนกลั่น', '2025-10-17 05:02:36'),
(264, 134, 2, 5, 2, 'นาย ธนกรณ์ อ่อนกลั่น', NULL, 'borrow', '2025-10-17 12:02:56', 'อนุมัติโดย: นาย ธนกรณ์ อ่อนกลั่น', '2025-10-17 05:02:56'),
(265, 135, 2, 5, 2, 'นาย ธนกรณ์ อ่อนกลั่น', NULL, 'borrow', '2025-10-17 12:02:56', 'อนุมัติโดย: นาย ธนกรณ์ อ่อนกลั่น', '2025-10-17 05:02:56'),
(266, 136, 2, 4, 2, 'นาย ธนกรณ์ อ่อนกลั่น', NULL, 'borrow', '2025-10-17 12:02:56', 'อนุมัติโดย: นาย ธนกรณ์ อ่อนกลั่น', '2025-10-17 05:02:56'),
(267, 137, 2, 3, 2, 'นาย ธนกรณ์ อ่อนกลั่น', NULL, 'borrow', '2025-10-17 12:02:56', 'อนุมัติโดย: นาย ธนกรณ์ อ่อนกลั่น', '2025-10-17 05:02:56'),
(268, 138, 2, 1, 2, 'นาย ธนกรณ์ อ่อนกลั่น', NULL, 'borrow', '2025-10-17 12:03:25', 'อนุมัติโดย: นาย ธนกรณ์ อ่อนกลั่น', '2025-10-17 05:03:25'),
(269, 139, 2, 2, 2, 'นาย ธนกรณ์ อ่อนกลั่น', NULL, 'borrow', '2025-10-17 12:03:25', 'อนุมัติโดย: นาย ธนกรณ์ อ่อนกลั่น', '2025-10-17 05:03:25'),
(270, 140, 2, 3, 2, 'นาย ธนกรณ์ อ่อนกลั่น', NULL, 'borrow', '2025-10-17 12:03:25', 'อนุมัติโดย: นาย ธนกรณ์ อ่อนกลั่น', '2025-10-17 05:03:25'),
(271, 141, 2, 4, 2, 'นาย ธนกรณ์ อ่อนกลั่น', NULL, 'borrow', '2025-10-17 12:03:25', 'อนุมัติโดย: นาย ธนกรณ์ อ่อนกลั่น', '2025-10-17 05:03:25'),
(272, 142, 2, 5, 2, 'นาย ธนกรณ์ อ่อนกลั่น', NULL, 'borrow', '2025-10-17 12:03:25', 'อนุมัติโดย: นาย ธนกรณ์ อ่อนกลั่น', '2025-10-17 05:03:25'),
(273, 143, 2, 10, 2, 'นาย ธนกรณ์ อ่อนกลั่น', NULL, 'borrow', '2025-10-17 12:03:25', 'อนุมัติโดย: นาย ธนกรณ์ อ่อนกลั่น', '2025-10-17 05:03:25'),
(274, 144, 2, 9, 2, 'นาย ธนกรณ์ อ่อนกลั่น', NULL, 'borrow', '2025-10-17 12:03:25', 'อนุมัติโดย: นาย ธนกรณ์ อ่อนกลั่น', '2025-10-17 05:03:25'),
(275, 145, 2, 8, 2, 'นาย ธนกรณ์ อ่อนกลั่น', NULL, 'borrow', '2025-10-17 12:03:25', 'อนุมัติโดย: นาย ธนกรณ์ อ่อนกลั่น', '2025-10-17 05:03:25'),
(276, 146, 2, 7, 2, 'นาย ธนกรณ์ อ่อนกลั่น', NULL, 'borrow', '2025-10-17 12:03:25', 'อนุมัติโดย: นาย ธนกรณ์ อ่อนกลั่น', '2025-10-17 05:03:25'),
(277, 147, 2, 6, 2, 'นาย ธนกรณ์ อ่อนกลั่น', NULL, 'borrow', '2025-10-17 12:03:25', 'อนุมัติโดย: นาย ธนกรณ์ อ่อนกลั่น', '2025-10-17 05:03:25'),
(278, 148, 2, 11, 2, 'นาย ธนกรณ์ อ่อนกลั่น', NULL, 'borrow', '2025-10-17 12:03:25', 'อนุมัติโดย: นาย ธนกรณ์ อ่อนกลั่น', '2025-10-17 05:03:25'),
(279, 149, 2, 12, 2, 'นาย ธนกรณ์ อ่อนกลั่น', NULL, 'borrow', '2025-10-17 12:03:25', 'อนุมัติโดย: นาย ธนกรณ์ อ่อนกลั่น', '2025-10-17 05:03:25'),
(280, 150, 2, 13, 2, 'นาย ธนกรณ์ อ่อนกลั่น', NULL, 'borrow', '2025-10-17 12:03:25', 'อนุมัติโดย: นาย ธนกรณ์ อ่อนกลั่น', '2025-10-17 05:03:25'),
(281, 151, 2, 15, 2, 'นาย ธนกรณ์ อ่อนกลั่น', NULL, 'borrow', '2025-10-17 12:03:25', 'อนุมัติโดย: นาย ธนกรณ์ อ่อนกลั่น', '2025-10-17 05:03:25'),
(282, 152, 2, 14, 2, 'นาย ธนกรณ์ อ่อนกลั่น', NULL, 'borrow', '2025-10-17 12:03:25', 'อนุมัติโดย: นาย ธนกรณ์ อ่อนกลั่น', '2025-10-17 05:03:25'),
(283, 153, 2, 16, 2, 'นาย ธนกรณ์ อ่อนกลั่น', NULL, 'borrow', '2025-10-17 12:03:25', 'อนุมัติโดย: นาย ธนกรณ์ อ่อนกลั่น', '2025-10-17 05:03:25'),
(284, 154, 2, 1, 2, 'นาย ธนกรณ์ อ่อนกลั่น', NULL, 'borrow', '2025-10-17 12:04:03', 'อนุมัติโดย: นาย ธนกรณ์ อ่อนกลั่น', '2025-10-17 05:04:03'),
(285, 155, 2, 2, 2, 'นาย ธนกรณ์ อ่อนกลั่น', NULL, 'borrow', '2025-10-17 12:04:03', 'อนุมัติโดย: นาย ธนกรณ์ อ่อนกลั่น', '2025-10-17 05:04:03'),
(286, 156, 2, 3, 2, 'นาย ธนกรณ์ อ่อนกลั่น', NULL, 'borrow', '2025-10-17 12:04:03', 'อนุมัติโดย: นาย ธนกรณ์ อ่อนกลั่น', '2025-10-17 05:04:03'),
(287, 157, 2, 4, 2, 'นาย ธนกรณ์ อ่อนกลั่น', NULL, 'borrow', '2025-10-17 12:04:21', 'อนุมัติโดย: นาย ธนกรณ์ อ่อนกลั่น', '2025-10-17 05:04:21'),
(288, 158, 2, 3, 2, 'นาย ธนกรณ์ อ่อนกลั่น', NULL, 'borrow', '2025-10-17 12:04:21', 'อนุมัติโดย: นาย ธนกรณ์ อ่อนกลั่น', '2025-10-17 05:04:21'),
(289, 159, 2, 5, 2, 'นาย ธนกรณ์ อ่อนกลั่น', NULL, 'borrow', '2025-10-17 12:04:21', 'อนุมัติโดย: นาย ธนกรณ์ อ่อนกลั่น', '2025-10-17 05:04:21'),
(290, 160, 2, 7, 2, 'นาย ธนกรณ์ อ่อนกลั่น', NULL, 'borrow', '2025-10-17 12:05:04', 'อนุมัติโดย: นาย ธนกรณ์ อ่อนกลั่น', '2025-10-17 05:05:04'),
(291, 161, 2, 6, 2, 'นาย ธนกรณ์ อ่อนกลั่น', NULL, 'borrow', '2025-10-17 12:05:04', 'อนุมัติโดย: นาย ธนกรณ์ อ่อนกลั่น', '2025-10-17 05:05:04'),
(292, 162, 2, 8, 2, 'นาย ธนกรณ์ อ่อนกลั่น', NULL, 'borrow', '2025-10-17 12:05:04', 'อนุมัติโดย: นาย ธนกรณ์ อ่อนกลั่น', '2025-10-17 05:05:04'),
(293, 163, 2, 9, 2, 'นาย ธนกรณ์ อ่อนกลั่น', NULL, 'borrow', '2025-10-17 12:05:04', 'อนุมัติโดย: นาย ธนกรณ์ อ่อนกลั่น', '2025-10-17 05:05:04'),
(294, 154, 2, 1, 2, 'นาย ธนกรณ์ อ่อนกลั่น', NULL, 'return', '2025-10-17 15:51:57', 'คืนปกติ', '2025-10-17 08:51:57'),
(295, 156, 2, 3, 2, 'นาย ธนกรณ์ อ่อนกลั่น', NULL, 'return', '2025-10-17 15:51:57', 'คืนปกติ', '2025-10-17 08:51:57'),
(296, 155, 2, 2, 2, 'นาย ธนกรณ์ อ่อนกลั่น', NULL, 'return', '2025-10-17 15:51:57', 'คืนปกติ', '2025-10-17 08:51:57'),
(297, 152, 2, 14, 2, 'นาย ธนกรณ์ อ่อนกลั่น', NULL, 'return', '2025-10-17 19:58:13', 'คืนปกติ', '2025-10-17 12:58:13'),
(298, 138, 2, 1, 2, 'นาย ธนกรณ์ อ่อนกลั่น', NULL, 'return', '2025-10-17 19:58:13', 'คืนปกติ', '2025-10-17 12:58:13'),
(299, 151, 2, 15, 2, 'นาย ธนกรณ์ อ่อนกลั่น', NULL, 'return', '2025-10-17 19:58:13', 'คืนปกติ', '2025-10-17 12:58:13'),
(300, 148, 2, 11, 2, 'นาย ธนกรณ์ อ่อนกลั่น', NULL, 'return', '2025-10-17 19:58:13', 'คืนปกติ', '2025-10-17 12:58:13'),
(301, 134, 2, 5, 2, 'นาย ธนกรณ์ อ่อนกลั่น', NULL, 'return', '2025-10-17 19:58:13', 'คืนปกติ', '2025-10-17 12:58:13'),
(302, 135, 2, 5, 2, 'นาย ธนกรณ์ อ่อนกลั่น', NULL, 'return', '2025-10-17 19:58:13', 'คืนปกติ', '2025-10-17 12:58:13'),
(303, 142, 2, 5, 2, 'นาย ธนกรณ์ อ่อนกลั่น', NULL, 'return', '2025-10-17 19:58:13', 'คืนปกติ', '2025-10-17 12:58:13'),
(304, 137, 2, 3, 2, 'นาย ธนกรณ์ อ่อนกลั่น', NULL, 'return', '2025-10-17 19:58:13', 'คืนปกติ', '2025-10-17 12:58:13'),
(305, 140, 2, 3, 2, 'นาย ธนกรณ์ อ่อนกลั่น', NULL, 'return', '2025-10-17 19:58:13', 'คืนปกติ', '2025-10-17 12:58:13'),
(306, 143, 2, 10, 2, 'นาย ธนกรณ์ อ่อนกลั่น', NULL, 'return', '2025-10-17 19:58:13', 'คืนปกติ', '2025-10-17 12:58:13'),
(307, 145, 2, 8, 2, 'นาย ธนกรณ์ อ่อนกลั่น', NULL, 'return', '2025-10-17 19:58:13', 'คืนปกติ', '2025-10-17 12:58:13'),
(308, 162, 2, 8, 2, 'นาย ธนกรณ์ อ่อนกลั่น', NULL, 'return', '2025-10-17 19:58:13', 'คืนปกติ', '2025-10-17 12:58:13'),
(309, 136, 2, 4, 2, 'นาย ธนกรณ์ อ่อนกลั่น', NULL, 'return', '2025-10-17 19:58:13', 'คืนปกติ', '2025-10-17 12:58:13'),
(310, 141, 2, 4, 2, 'นาย ธนกรณ์ อ่อนกลั่น', NULL, 'return', '2025-10-17 19:58:13', 'คืนปกติ', '2025-10-17 12:58:13'),
(311, 146, 2, 7, 2, 'นาย ธนกรณ์ อ่อนกลั่น', NULL, 'return', '2025-10-17 19:58:13', 'คืนปกติ', '2025-10-17 12:58:13'),
(312, 160, 2, 7, 2, 'นาย ธนกรณ์ อ่อนกลั่น', NULL, 'return', '2025-10-17 19:58:13', 'คืนปกติ', '2025-10-17 12:58:13'),
(313, 139, 2, 2, 2, 'นาย ธนกรณ์ อ่อนกลั่น', NULL, 'return', '2025-10-17 19:58:13', 'คืนปกติ', '2025-10-17 12:58:13'),
(314, 150, 2, 13, 2, 'นาย ธนกรณ์ อ่อนกลั่น', NULL, 'return', '2025-10-17 19:58:13', 'คืนปกติ', '2025-10-17 12:58:13'),
(315, 149, 2, 12, 2, 'นาย ธนกรณ์ อ่อนกลั่น', NULL, 'return', '2025-10-17 19:58:13', 'คืนปกติ', '2025-10-17 12:58:13'),
(316, 144, 2, 9, 2, 'นาย ธนกรณ์ อ่อนกลั่น', NULL, 'return', '2025-10-17 19:58:13', 'คืนปกติ', '2025-10-17 12:58:13'),
(317, 163, 2, 9, 2, 'นาย ธนกรณ์ อ่อนกลั่น', NULL, 'return', '2025-10-17 19:58:13', 'คืนปกติ', '2025-10-17 12:58:13'),
(318, 147, 2, 6, 2, 'นาย ธนกรณ์ อ่อนกลั่น', NULL, 'return', '2025-10-17 19:58:13', 'คืนปกติ', '2025-10-17 12:58:13'),
(319, 161, 2, 6, 2, 'นาย ธนกรณ์ อ่อนกลั่น', NULL, 'return', '2025-10-17 19:58:13', 'คืนปกติ', '2025-10-17 12:58:13'),
(320, 153, 2, 16, 2, 'นาย ธนกรณ์ อ่อนกลั่น', NULL, 'return', '2025-10-17 19:58:13', 'คืนปกติ', '2025-10-17 12:58:13');

-- --------------------------------------------------------

--
-- Table structure for table `borrow_requests`
--

CREATE TABLE `borrow_requests` (
  `id` int(11) NOT NULL,
  `user_id` int(11) NOT NULL COMMENT 'ID ผู้ใช้ที่ยืม',
  `request_date` datetime NOT NULL DEFAULT current_timestamp() COMMENT 'วันที่ส่งคำขอ',
  `borrow_date` date NOT NULL COMMENT 'วันที่ต้องการยืม',
  `return_date` date NOT NULL COMMENT 'วันที่ต้องการคืน',
  `status` enum('pending','approved','rejected','completed') DEFAULT 'pending' COMMENT 'สถานะคำขอ',
  `approver_id` int(11) DEFAULT NULL COMMENT 'ID ผู้อนุมัติ',
  `approver_name` varchar(100) DEFAULT NULL COMMENT 'ชื่อผู้อนุมัติ',
  `approved_at` datetime DEFAULT NULL COMMENT 'วันที่อนุมัติ',
  `notes` text DEFAULT NULL COMMENT 'หมายเหตุเพิ่มเติม',
  `created_at` timestamp NOT NULL DEFAULT current_timestamp(),
  `updated_at` timestamp NOT NULL DEFAULT current_timestamp() ON UPDATE current_timestamp()
) ENGINE=InnoDB DEFAULT CHARSET=utf8mb4 COLLATE=utf8mb4_unicode_ci COMMENT='ตารางคำขอยืมอุปกรณ์';

--
-- Dumping data for table `borrow_requests`
--

INSERT INTO `borrow_requests` (`id`, `user_id`, `request_date`, `borrow_date`, `return_date`, `status`, `approver_id`, `approver_name`, `approved_at`, `notes`, `created_at`, `updated_at`) VALUES
(1, 3, '2025-10-05 13:37:55', '2025-10-05', '2025-10-06', 'approved', 3, 'ทดสอบ', '2025-10-05 13:38:02', '', '2025-10-05 06:37:55', '2025-10-05 06:38:02'),
(2, 2, '2025-10-06 22:38:07', '2025-10-06', '2025-10-07', 'approved', 2, 'นาย ธนกรณ์ อ่อนกลั่น', '2025-10-06 22:39:31', 'qaqaq', '2025-10-06 15:38:07', '2025-10-06 15:39:31'),
(3, 2, '2025-10-06 22:39:48', '2025-10-06', '2025-10-09', 'approved', 2, 'นาย ธนกรณ์ อ่อนกลั่น', '2025-10-06 22:40:01', '', '2025-10-06 15:39:48', '2025-10-06 15:40:01'),
(4, 2, '2025-10-06 22:41:30', '2025-10-06', '2025-10-08', 'approved', 2, 'นาย ธนกรณ์ อ่อนกลั่น', '2025-10-12 17:00:36', '', '2025-10-06 15:41:30', '2025-10-12 10:00:36'),
(5, 2, '2025-10-06 22:43:16', '2025-10-06', '2025-10-08', 'approved', 2, 'นาย ธนกรณ์ อ่อนกลั่น', '2025-10-06 22:43:22', '', '2025-10-06 15:43:16', '2025-10-06 15:43:22'),
(6, 2, '2025-10-12 16:56:37', '2025-10-12', '2025-10-16', 'approved', 2, 'นาย ธนกรณ์ อ่อนกลั่น', '2025-10-12 16:56:49', '', '2025-10-12 09:56:37', '2025-10-12 09:56:49'),
(7, 2, '2025-10-12 17:03:29', '2025-10-12', '2025-10-14', 'approved', 2, 'นาย ธนกรณ์ อ่อนกลั่น', '2025-10-12 17:03:34', '', '2025-10-12 10:03:29', '2025-10-12 10:03:34'),
(8, 2, '2025-10-12 18:46:12', '2025-10-12', '2025-10-18', 'approved', 2, 'นาย ธนกรณ์ อ่อนกลั่น', '2025-10-12 18:46:32', '', '2025-10-12 11:46:12', '2025-10-12 11:46:32'),
(9, 2, '2025-10-16 20:18:11', '2025-10-16', '2025-10-17', 'approved', 2, 'นาย ธนกรณ์ อ่อนกลั่น', '2025-10-16 20:18:29', '', '2025-10-16 13:18:11', '2025-10-16 13:18:29'),
(10, 2, '2025-10-16 20:19:19', '2025-10-16', '2025-10-23', 'approved', 2, 'นาย ธนกรณ์ อ่อนกลั่น', '2025-10-16 20:19:24', '', '2025-10-16 13:19:19', '2025-10-16 13:19:24'),
(11, 2, '2025-10-16 20:42:33', '2025-10-16', '2025-10-22', 'approved', 2, 'นาย ธนกรณ์ อ่อนกลั่น', '2025-10-16 20:42:39', '', '2025-10-16 13:42:33', '2025-10-16 13:42:39'),
(12, 2, '2025-10-16 20:47:47', '2025-10-16', '2025-10-22', 'approved', 2, 'นาย ธนกรณ์ อ่อนกลั่น', '2025-10-16 20:58:22', '', '2025-10-16 13:47:47', '2025-10-16 13:58:22'),
(13, 2, '2025-10-16 20:57:02', '2025-10-16', '2025-10-21', 'approved', 2, 'นาย ธนกรณ์ อ่อนกลั่น', '2025-10-16 20:57:33', '', '2025-10-16 13:57:02', '2025-10-16 13:57:33'),
(14, 2, '2025-10-16 23:17:53', '2025-10-16', '2025-10-23', 'approved', 2, 'นาย ธนกรณ์ อ่อนกลั่น', '2025-10-16 23:18:32', '', '2025-10-16 16:17:53', '2025-10-16 16:18:32'),
(15, 2, '2025-10-17 11:57:25', '2025-10-17', '2025-10-24', 'approved', 2, 'นาย ธนกรณ์ อ่อนกลั่น', '2025-10-17 11:57:29', '', '2025-10-17 04:57:25', '2025-10-17 04:57:29'),
(16, 2, '2025-10-17 11:58:18', '2025-10-17', '2025-10-24', 'approved', 2, 'นาย ธนกรณ์ อ่อนกลั่น', '2025-10-17 12:02:36', '', '2025-10-17 04:58:18', '2025-10-17 05:02:36'),
(17, 2, '2025-10-17 12:01:07', '2025-10-17', '2025-10-23', 'approved', 2, 'นาย ธนกรณ์ อ่อนกลั่น', '2025-10-17 12:01:18', '', '2025-10-17 05:01:07', '2025-10-17 05:01:18'),
(18, 2, '2025-10-17 12:02:52', '2025-10-17', '2025-10-22', 'approved', 2, 'นาย ธนกรณ์ อ่อนกลั่น', '2025-10-17 12:02:56', '', '2025-10-17 05:02:52', '2025-10-17 05:02:56'),
(19, 2, '2025-10-17 12:03:22', '2025-10-17', '2025-10-22', 'approved', 2, 'นาย ธนกรณ์ อ่อนกลั่น', '2025-10-17 12:03:25', '', '2025-10-17 05:03:22', '2025-10-17 05:03:25'),
(20, 2, '2025-10-17 12:04:00', '2025-10-17', '2025-10-21', 'approved', 2, 'นาย ธนกรณ์ อ่อนกลั่น', '2025-10-17 12:04:03', '', '2025-10-17 05:04:00', '2025-10-17 05:04:03'),
(21, 2, '2025-10-17 12:04:18', '2025-10-17', '2025-10-23', 'approved', 2, 'นาย ธนกรณ์ อ่อนกลั่น', '2025-10-17 12:04:21', '', '2025-10-17 05:04:18', '2025-10-17 05:04:21'),
(22, 2, '2025-10-17 12:04:54', '2025-10-17', '2025-10-22', 'approved', 2, 'นาย ธนกรณ์ อ่อนกลั่น', '2025-10-17 12:05:04', '', '2025-10-17 05:04:54', '2025-10-17 05:05:04');

-- --------------------------------------------------------

--
-- Table structure for table `borrow_request_items`
--

CREATE TABLE `borrow_request_items` (
  `id` int(11) NOT NULL,
  `request_id` int(11) NOT NULL COMMENT 'ID คำขอยืม',
  `equipment_id` int(11) NOT NULL COMMENT 'ID อุปกรณ์',
  `quantity_requested` int(11) NOT NULL COMMENT 'จำนวนที่ขอยืม',
  `quantity_approved` int(11) DEFAULT 0 COMMENT 'จำนวนที่อนุมัติ',
  `created_at` timestamp NOT NULL DEFAULT current_timestamp()
) ENGINE=InnoDB DEFAULT CHARSET=utf8mb4 COLLATE=utf8mb4_unicode_ci COMMENT='ตารางรายละเอียดคำขอยืม';

--
-- Dumping data for table `borrow_request_items`
--

INSERT INTO `borrow_request_items` (`id`, `request_id`, `equipment_id`, `quantity_requested`, `quantity_approved`, `created_at`) VALUES
(1, 1, 2, 1, 1, '2025-10-05 06:37:55'),
(2, 1, 3, 1, 1, '2025-10-05 06:37:55'),
(3, 1, 4, 1, 1, '2025-10-05 06:37:55'),
(4, 2, 1, 1, 1, '2025-10-06 15:38:07'),
(5, 2, 2, 1, 1, '2025-10-06 15:38:07'),
(6, 2, 3, 1, 1, '2025-10-06 15:38:07'),
(7, 2, 4, 1, 1, '2025-10-06 15:38:07'),
(8, 2, 5, 1, 1, '2025-10-06 15:38:07'),
(9, 2, 10, 1, 1, '2025-10-06 15:38:07'),
(10, 2, 7, 1, 1, '2025-10-06 15:38:07'),
(11, 2, 6, 1, 1, '2025-10-06 15:38:07'),
(12, 2, 11, 1, 1, '2025-10-06 15:38:07'),
(13, 2, 12, 1, 1, '2025-10-06 15:38:07'),
(14, 2, 14, 1, 1, '2025-10-06 15:38:07'),
(15, 2, 15, 1, 1, '2025-10-06 15:38:07'),
(16, 2, 16, 1, 1, '2025-10-06 15:38:07'),
(17, 3, 1, 1, 1, '2025-10-06 15:39:48'),
(18, 3, 2, 1, 1, '2025-10-06 15:39:48'),
(19, 3, 3, 1, 1, '2025-10-06 15:39:48'),
(20, 3, 4, 1, 1, '2025-10-06 15:39:48'),
(21, 4, 1, 1, 1, '2025-10-06 15:41:30'),
(22, 4, 2, 1, 1, '2025-10-06 15:41:30'),
(23, 4, 5, 1, 1, '2025-10-06 15:41:30'),
(24, 5, 1, 8, 8, '2025-10-06 15:43:16'),
(25, 6, 1, 2, 2, '2025-10-12 09:56:37'),
(26, 7, 16, 13, 13, '2025-10-12 10:03:29'),
(27, 8, 1, 5, 5, '2025-10-12 11:46:12'),
(28, 8, 2, 5, 5, '2025-10-12 11:46:12'),
(29, 8, 3, 5, 5, '2025-10-12 11:46:12'),
(30, 8, 4, 5, 5, '2025-10-12 11:46:12'),
(31, 8, 5, 5, 5, '2025-10-12 11:46:12'),
(32, 9, 1, 1, 1, '2025-10-16 13:18:11'),
(33, 9, 3, 1, 1, '2025-10-16 13:18:11'),
(34, 9, 2, 1, 1, '2025-10-16 13:18:11'),
(35, 9, 4, 1, 1, '2025-10-16 13:18:11'),
(36, 10, 1, 1, 1, '2025-10-16 13:19:19'),
(37, 10, 5, 1, 1, '2025-10-16 13:19:19'),
(38, 10, 9, 1, 1, '2025-10-16 13:19:19'),
(39, 10, 4, 1, 1, '2025-10-16 13:19:19'),
(40, 10, 2, 1, 1, '2025-10-16 13:19:19'),
(41, 10, 3, 1, 1, '2025-10-16 13:19:19'),
(42, 10, 6, 1, 1, '2025-10-16 13:19:19'),
(43, 10, 7, 1, 1, '2025-10-16 13:19:19'),
(44, 11, 16, 7, 7, '2025-10-16 13:42:33'),
(45, 12, 1, 1, 1, '2025-10-16 13:47:47'),
(46, 12, 2, 1, 1, '2025-10-16 13:47:47'),
(47, 12, 3, 1, 1, '2025-10-16 13:47:47'),
(48, 13, 1, 1, 1, '2025-10-16 13:57:02'),
(49, 13, 2, 1, 1, '2025-10-16 13:57:02'),
(50, 13, 3, 1, 1, '2025-10-16 13:57:02'),
(51, 13, 5, 1, 1, '2025-10-16 13:57:02'),
(52, 13, 4, 1, 1, '2025-10-16 13:57:02'),
(53, 14, 1, 1, 1, '2025-10-16 16:17:53'),
(54, 14, 2, 1, 1, '2025-10-16 16:17:53'),
(55, 14, 3, 1, 1, '2025-10-16 16:17:53'),
(56, 14, 8, 1, 1, '2025-10-16 16:17:53'),
(57, 14, 4, 1, 1, '2025-10-16 16:17:53'),
(58, 15, 1, 1, 1, '2025-10-17 04:57:25'),
(59, 15, 2, 1, 1, '2025-10-17 04:57:25'),
(60, 15, 3, 6, 6, '2025-10-17 04:57:25'),
(61, 15, 4, 1, 1, '2025-10-17 04:57:25'),
(62, 15, 5, 1, 1, '2025-10-17 04:57:25'),
(63, 15, 10, 1, 1, '2025-10-17 04:57:25'),
(64, 15, 9, 1, 1, '2025-10-17 04:57:25'),
(65, 16, 2, 1, 1, '2025-10-17 04:58:18'),
(66, 16, 4, 1, 1, '2025-10-17 04:58:18'),
(67, 16, 5, 1, 1, '2025-10-17 04:58:18'),
(68, 17, 16, 1, 1, '2025-10-17 05:01:07'),
(69, 17, 11, 1, 1, '2025-10-17 05:01:07'),
(70, 17, 12, 1, 1, '2025-10-17 05:01:07'),
(71, 17, 14, 1, 1, '2025-10-17 05:01:07'),
(72, 17, 15, 1, 1, '2025-10-17 05:01:07'),
(73, 17, 10, 1, 1, '2025-10-17 05:01:07'),
(74, 17, 9, 1, 1, '2025-10-17 05:01:07'),
(75, 17, 8, 1, 1, '2025-10-17 05:01:07'),
(76, 17, 7, 1, 1, '2025-10-17 05:01:07'),
(77, 17, 6, 1, 1, '2025-10-17 05:01:07'),
(78, 17, 13, 1, 1, '2025-10-17 05:01:07'),
(79, 17, 5, 1, 1, '2025-10-17 05:01:07'),
(80, 17, 4, 1, 1, '2025-10-17 05:01:07'),
(81, 17, 2, 1, 1, '2025-10-17 05:01:07'),
(82, 17, 1, 1, 1, '2025-10-17 05:01:07'),
(83, 18, 5, 2, 2, '2025-10-17 05:02:52'),
(84, 18, 4, 1, 1, '2025-10-17 05:02:52'),
(85, 18, 3, 1, 1, '2025-10-17 05:02:52'),
(86, 19, 1, 1, 1, '2025-10-17 05:03:22'),
(87, 19, 2, 1, 1, '2025-10-17 05:03:22'),
(88, 19, 3, 1, 1, '2025-10-17 05:03:22'),
(89, 19, 4, 1, 1, '2025-10-17 05:03:22'),
(90, 19, 5, 1, 1, '2025-10-17 05:03:22'),
(91, 19, 10, 1, 1, '2025-10-17 05:03:22'),
(92, 19, 9, 1, 1, '2025-10-17 05:03:22'),
(93, 19, 8, 1, 1, '2025-10-17 05:03:22'),
(94, 19, 7, 1, 1, '2025-10-17 05:03:22'),
(95, 19, 6, 1, 1, '2025-10-17 05:03:22'),
(96, 19, 11, 1, 1, '2025-10-17 05:03:22'),
(97, 19, 12, 1, 1, '2025-10-17 05:03:22'),
(98, 19, 13, 1, 1, '2025-10-17 05:03:22'),
(99, 19, 15, 1, 1, '2025-10-17 05:03:22'),
(100, 19, 14, 1, 1, '2025-10-17 05:03:22'),
(101, 19, 16, 1, 1, '2025-10-17 05:03:22'),
(102, 20, 1, 1, 1, '2025-10-17 05:04:00'),
(103, 20, 2, 1, 1, '2025-10-17 05:04:00'),
(104, 20, 3, 1, 1, '2025-10-17 05:04:00'),
(105, 21, 4, 1, 1, '2025-10-17 05:04:18'),
(106, 21, 3, 1, 1, '2025-10-17 05:04:18'),
(107, 21, 5, 1, 1, '2025-10-17 05:04:18'),
(108, 22, 7, 1, 1, '2025-10-17 05:04:54'),
(109, 22, 6, 1, 1, '2025-10-17 05:04:54'),
(110, 22, 8, 1, 1, '2025-10-17 05:04:54'),
(111, 22, 9, 1, 1, '2025-10-17 05:04:54');

-- --------------------------------------------------------

--
-- Table structure for table `equipment`
--

CREATE TABLE `equipment` (
  `id` int(11) NOT NULL,
  `name` varchar(100) NOT NULL COMMENT 'ชื่ออุปกรณ์',
  `description` text DEFAULT NULL COMMENT 'รายละเอียดอุปกรณ์',
  `category` varchar(50) DEFAULT NULL COMMENT 'หมวดหมู่อุปกรณ์',
  `image_url` varchar(255) DEFAULT NULL COMMENT 'ลิงก์รูปภาพอุปกรณ์',
  `quantity_total` int(11) NOT NULL DEFAULT 0 COMMENT 'จำนวนที่มีทั้งหมด',
  `quantity_available` int(11) NOT NULL DEFAULT 0 COMMENT 'จำนวนที่คงเหลือ',
  `status` enum('available','limited','unavailable','maintenance','borrowed','lost') DEFAULT 'available' COMMENT 'สถานะอุปกรณ์',
  `created_at` timestamp NOT NULL DEFAULT current_timestamp(),
  `updated_at` timestamp NOT NULL DEFAULT current_timestamp() ON UPDATE current_timestamp()
) ENGINE=InnoDB DEFAULT CHARSET=utf8mb4 COLLATE=utf8mb4_unicode_ci COMMENT='ตารางอุปกรณ์';

--
-- Dumping data for table `equipment`
--

INSERT INTO `equipment` (`id`, `name`, `description`, `category`, `image_url`, `quantity_total`, `quantity_available`, `status`, `created_at`, `updated_at`) VALUES
(1, 'Arduino Uno R3', '-', 'Arduino', 'https://o.lnwfile.com/_/o/_raw/pa/g2/f9.jpg', 30, 40, 'available', '2025-10-05 06:23:07', '2025-10-17 12:58:13'),
(2, 'Raspberry Pi 4 Model B', '', 'Raspberry', 'https://inex.co.th/home/wp-content/uploads/2020/07/raspberry-pi-4b-4gb-top.jpg', 10, 8, 'available', '2025-10-05 06:23:39', '2025-10-17 12:58:13'),
(3, 'ESP32 Development Board', '-', 'ESP32', 'https://www.imiconsystem.com/wp-content/uploads/2023/01/esp32-devkit-v1-1-3.jpg', 10, 9, 'available', '2025-10-05 06:24:15', '2025-10-17 12:58:13'),
(4, 'NodeMCU ESP8266', '-', 'ESP8266', 'https://gh.lnwfile.com/_/gh/_raw/6z/2m/7m.jpg', 10, 8, 'available', '2025-10-05 06:24:57', '2025-10-17 12:58:13'),
(5, 'DHT22 Temperature Sensor', '-', 'Sensor', 'https://static.cytron.io/image/cache/catalog/products/SN-DHT22-MOD/dht22-sensor-module-breakout-a4872-800x800.jpg', 10, 8, 'available', '2025-10-05 06:25:25', '2025-10-17 12:58:13'),
(6, 'Ultrasonic Sensor', '-', 'Sensor', 'https://media.rs-online.com/Y2153181-01.jpg', 10, 10, 'available', '2025-10-05 06:25:59', '2025-10-17 12:58:13'),
(7, 'PIR Motion Sensor', '-', 'Sensor', 'https://s1145.lnwfile.com/_c/fp/_webp_max/1024/1024/1c/2q/wm.webp', 10, 10, 'available', '2025-10-05 06:26:23', '2025-10-17 12:58:13'),
(8, 'MQ-135 Air Quality Sensor', '-', 'Sensor', 'https://inwfile.com/s-dm/ys0mnt.jpg', 10, 10, 'available', '2025-10-05 06:27:01', '2025-10-17 12:58:13'),
(9, 'Servo Motor SG90', '-', 'Servo', 'https://inwfile.com/s-dm/orj0a7.jpg', 10, 10, 'available', '2025-10-05 06:27:47', '2025-10-17 12:58:13'),
(10, 'LED Strip WS2812B', '-', 'LED', 'https://quartzcomponents.com/cdn/shop/products/LED_Strip_2_1200x1200.jpg?v=1681122790', 10, 10, 'available', '2025-10-05 06:28:27', '2025-10-17 12:58:13'),
(11, 'BME280 Environmental Sensor', '-', 'Sensor', 'https://static.cytron.io/image/cache/catalog/products/SN-BME280/BME280-Environmental-Sensor-800x800.png', 100, 100, 'available', '2025-10-05 06:30:14', '2025-10-17 12:58:13'),
(12, 'RFID Reader RC522', '-', 'RFID', 'https://dw.lnwfile.com/_/dw/_raw/iw/q6/5y.jpg', 30, 15, 'available', '2025-10-05 06:30:51', '2025-10-17 12:58:13'),
(13, 'Relay Module 5V', '-', 'Relay', 'https://inwfile.com/s-dx/f0ig0y.png', 10, 5, 'available', '2025-10-05 06:32:10', '2025-10-17 12:58:13'),
(14, '16x2 LCD Display', '-', 'Display', 'https://soldered.com/productdata/2023/01/DSC_8573-1024x678-1.jpg', 10, 8, 'available', '2025-10-05 06:32:57', '2025-10-17 12:58:13'),
(15, 'Bluetooth Module HC-05', '-', 'Bluetooth', 'https://gh.lnwfile.com/_/gh/_raw/ik/k3/9d.jpg', 40, 20, 'available', '2025-10-05 06:33:30', '2025-10-17 12:58:13'),
(16, 'WiFi Module ESP-01', '-', 'WiFi', 'https://o.lnwfile.com/_/o/_raw/ol/fp/z0.jpg', 20, 10, 'available', '2025-10-05 06:34:07', '2025-10-17 12:58:13');

-- --------------------------------------------------------

--
-- Table structure for table `pending_registrations`
--

CREATE TABLE `pending_registrations` (
  `id` int(11) NOT NULL,
  `fullname` varchar(100) NOT NULL,
  `email` varchar(50) NOT NULL,
  `student_id` varchar(12) NOT NULL,
  `password_hash` varchar(255) NOT NULL,
  `role` enum('admin','staff','user') NOT NULL DEFAULT 'user',
  `status` enum('pending','approved','rejected') NOT NULL DEFAULT 'pending',
  `notes` text DEFAULT NULL,
  `requested_at` timestamp NOT NULL DEFAULT current_timestamp(),
  `reviewed_at` timestamp NULL DEFAULT NULL
) ENGINE=InnoDB DEFAULT CHARSET=utf8mb4 COLLATE=utf8mb4_unicode_ci;

-- --------------------------------------------------------

--
-- Table structure for table `users`
--

CREATE TABLE `users` (
  `id` int(11) NOT NULL,
  `student_id` varchar(12) NOT NULL COMMENT 'รหัสนักศึกษา (12 หลัก)',
  `email` varchar(50) NOT NULL COMMENT 'อีเมล (รหัส 12 หลัก + st@rmutsb.ac.th)',
  `fullname` varchar(100) NOT NULL COMMENT 'ชื่อ-นามสกุล',
  `password` varchar(255) NOT NULL COMMENT 'รหัสผ่าน (hashed)',
  `role` enum('admin','staff','user','guest') DEFAULT 'user' COMMENT 'บทบาทผู้ใช้',
  `status` enum('active','inactive','suspended') DEFAULT 'active' COMMENT 'สถานะบัญชี',
  `created_at` timestamp NOT NULL DEFAULT current_timestamp() COMMENT 'วันที่สร้าง',
  `updated_at` timestamp NOT NULL DEFAULT current_timestamp() ON UPDATE current_timestamp() COMMENT 'วันที่อัปเดต'
) ENGINE=InnoDB DEFAULT CHARSET=utf8mb4 COLLATE=utf8mb4_unicode_ci COMMENT='ตารางผู้ใช้';

--
-- Dumping data for table `users`
--

INSERT INTO `users` (`id`, `student_id`, `email`, `fullname`, `password`, `role`, `status`, `created_at`, `updated_at`) VALUES
(2, '111111111111', '111111111111-st@rmutsb.ac.th', 'นาย ธนกรณ์ อ่อนกลั่น', '$2y$10$r5/6MF4INO09CBR1O184je0CFonHRdC6/5EGPUlCg5ur.Jqe1CW.O', 'admin', 'active', '2025-10-05 06:19:15', '2025-10-17 12:42:02'),
(3, '000000000000', '000000000000-st@rmutsb.ac.th', 'ทดสอบ', '$2y$10$j2TKtXR4S1/fK1LVW2r.9OlLBVDP/Azj/OaFOdTZj9eTeSKA3KGM2', 'admin', 'active', '2025-10-05 06:36:08', '2025-10-06 15:24:22'),
(4, '999999999999', '999999999999-st@rmutsb.ac.th', '999999999999', '999999999999', 'admin', 'active', '2025-10-06 15:25:23', '2025-10-06 15:27:35'),
(5, '670602141011', '670602141011-st@rmutsb.ac.th', 'สมดี กีหอม', '$2y$10$ffmICQtOVB1YOJ4VDtg34.F5LWcUAK8mdYi9ZIj.UvBFQW9cjY1wm', 'user', 'active', '2025-10-06 15:30:04', '2025-10-06 15:30:04');

-- --------------------------------------------------------

--
-- Structure for view `active_borrowing`
--
DROP TABLE IF EXISTS `active_borrowing`;

CREATE ALGORITHM=UNDEFINED DEFINER=`root`@`localhost` SQL SECURITY DEFINER VIEW `active_borrowing`  AS SELECT `b`.`id` AS `id`, `b`.`user_id` AS `user_id`, `u`.`student_id` AS `student_id`, `u`.`fullname` AS `fullname`, `u`.`email` AS `email`, `b`.`equipment_id` AS `equipment_id`, `e`.`name` AS `equipment_name`, `b`.`borrow_date` AS `borrow_date`, `b`.`due_date` AS `due_date`, `b`.`status` AS `status`, CASE WHEN `b`.`due_date` < current_timestamp() AND `b`.`status` = 'borrowed' THEN 'overdue' ELSE `b`.`status` END AS `current_status` FROM ((`borrowing` `b` join `users` `u` on(`b`.`user_id` = `u`.`id`)) join `equipment` `e` on(`b`.`equipment_id` = `e`.`id`)) WHERE `b`.`status` in ('borrowed','overdue') ;

--
-- Indexes for dumped tables
--

--
-- Indexes for table `borrowing`
--
ALTER TABLE `borrowing`
  ADD PRIMARY KEY (`id`),
  ADD KEY `idx_user_id` (`user_id`),
  ADD KEY `idx_equipment_id` (`equipment_id`),
  ADD KEY `idx_status` (`status`),
  ADD KEY `idx_borrow_date` (`borrow_date`),
  ADD KEY `idx_due_date` (`due_date`);

--
-- Indexes for table `borrowing_history`
--
ALTER TABLE `borrowing_history`
  ADD PRIMARY KEY (`id`),
  ADD KEY `idx_borrowing_id` (`borrowing_id`),
  ADD KEY `idx_user_id` (`user_id`),
  ADD KEY `idx_equipment_id` (`equipment_id`),
  ADD KEY `idx_action` (`action`),
  ADD KEY `idx_action_date` (`action_date`);

--
-- Indexes for table `borrow_requests`
--
ALTER TABLE `borrow_requests`
  ADD PRIMARY KEY (`id`),
  ADD KEY `idx_user_id` (`user_id`),
  ADD KEY `idx_status` (`status`),
  ADD KEY `idx_request_date` (`request_date`),
  ADD KEY `idx_borrow_date` (`borrow_date`);

--
-- Indexes for table `borrow_request_items`
--
ALTER TABLE `borrow_request_items`
  ADD PRIMARY KEY (`id`),
  ADD KEY `idx_request_id` (`request_id`),
  ADD KEY `idx_equipment_id` (`equipment_id`);

--
-- Indexes for table `equipment`
--
ALTER TABLE `equipment`
  ADD PRIMARY KEY (`id`),
  ADD KEY `idx_status` (`status`),
  ADD KEY `idx_category` (`category`),
  ADD KEY `idx_name` (`name`);

--
-- Indexes for table `pending_registrations`
--
ALTER TABLE `pending_registrations`
  ADD PRIMARY KEY (`id`),
  ADD UNIQUE KEY `uniq_student_id` (`student_id`),
  ADD UNIQUE KEY `uniq_email` (`email`);

--
-- Indexes for table `users`
--
ALTER TABLE `users`
  ADD PRIMARY KEY (`id`),
  ADD UNIQUE KEY `student_id` (`student_id`),
  ADD UNIQUE KEY `email` (`email`),
  ADD KEY `idx_student_id` (`student_id`),
  ADD KEY `idx_email` (`email`),
  ADD KEY `idx_role` (`role`),
  ADD KEY `idx_status` (`status`);

--
-- AUTO_INCREMENT for dumped tables
--

--
-- AUTO_INCREMENT for table `borrowing`
--
ALTER TABLE `borrowing`
  MODIFY `id` int(11) NOT NULL AUTO_INCREMENT, AUTO_INCREMENT=164;

--
-- AUTO_INCREMENT for table `borrowing_history`
--
ALTER TABLE `borrowing_history`
  MODIFY `id` int(11) NOT NULL AUTO_INCREMENT, AUTO_INCREMENT=321;

--
-- AUTO_INCREMENT for table `borrow_requests`
--
ALTER TABLE `borrow_requests`
  MODIFY `id` int(11) NOT NULL AUTO_INCREMENT, AUTO_INCREMENT=30;

--
-- AUTO_INCREMENT for table `borrow_request_items`
--
ALTER TABLE `borrow_request_items`
  MODIFY `id` int(11) NOT NULL AUTO_INCREMENT, AUTO_INCREMENT=165;

--
-- AUTO_INCREMENT for table `equipment`
--
ALTER TABLE `equipment`
  MODIFY `id` int(11) NOT NULL AUTO_INCREMENT, AUTO_INCREMENT=17;

--
-- AUTO_INCREMENT for table `pending_registrations`
--
ALTER TABLE `pending_registrations`
  MODIFY `id` int(11) NOT NULL AUTO_INCREMENT, AUTO_INCREMENT=6;

--
-- AUTO_INCREMENT for table `users`
--
ALTER TABLE `users`
  MODIFY `id` int(11) NOT NULL AUTO_INCREMENT, AUTO_INCREMENT=6;

--
-- Constraints for dumped tables
--

--
-- Constraints for table `borrowing`
--
ALTER TABLE `borrowing`
  ADD CONSTRAINT `borrowing_ibfk_1` FOREIGN KEY (`user_id`) REFERENCES `users` (`id`) ON DELETE CASCADE,
  ADD CONSTRAINT `borrowing_ibfk_2` FOREIGN KEY (`equipment_id`) REFERENCES `equipment` (`id`) ON DELETE CASCADE;

--
-- Constraints for table `borrowing_history`
--
ALTER TABLE `borrowing_history`
  ADD CONSTRAINT `borrowing_history_ibfk_1` FOREIGN KEY (`borrowing_id`) REFERENCES `borrowing` (`id`) ON DELETE CASCADE,
  ADD CONSTRAINT `borrowing_history_ibfk_2` FOREIGN KEY (`user_id`) REFERENCES `users` (`id`) ON DELETE CASCADE,
  ADD CONSTRAINT `borrowing_history_ibfk_3` FOREIGN KEY (`equipment_id`) REFERENCES `equipment` (`id`) ON DELETE CASCADE;

--
-- Constraints for table `borrow_requests`
--
ALTER TABLE `borrow_requests`
  ADD CONSTRAINT `borrow_requests_ibfk_1` FOREIGN KEY (`user_id`) REFERENCES `users` (`id`) ON DELETE CASCADE;

--
-- Constraints for table `borrow_request_items`
--
ALTER TABLE `borrow_request_items`
  ADD CONSTRAINT `borrow_request_items_ibfk_1` FOREIGN KEY (`request_id`) REFERENCES `borrow_requests` (`id`) ON DELETE CASCADE,
  ADD CONSTRAINT `borrow_request_items_ibfk_2` FOREIGN KEY (`equipment_id`) REFERENCES `equipment` (`id`) ON DELETE CASCADE;
COMMIT;

/*!40101 SET CHARACTER_SET_CLIENT=@OLD_CHARACTER_SET_CLIENT */;
/*!40101 SET CHARACTER_SET_RESULTS=@OLD_CHARACTER_SET_RESULTS */;
/*!40101 SET COLLATION_CONNECTION=@OLD_COLLATION_CONNECTION */;
